headword,pos,CEFR
(かさを～) さす,,B1
"(花を〜) 生ける, 活ける",,B2
×,,B1
〜 (まる) ごと,,B1
〜(日本) 式,,B1
あ,,A2
ああ,,A1
あいさつする,,A2
あいにく,,B1
あいまい,,B1
あくどい,,B2
あくび,,B1
あげる,,A2
あざ,,B2
あせる (こえが～),,B2
あそこ,,A1
あちこち,,B1
あちら,,A1
あちらこちら,,B1
あっさり,,B2
あっち,,A1
あつらえる,,B2
あなた,,A1
あの,,A1
あふれる,,B1
あぶる,,B1
あべこべ,,B2
あやふや,,B2
あらゆる,,B1
ありがとう,,B1
ありのまま,,B2
ありふれる,,B2
あるいは,,B1
あれ,,A1
あれこれ,,B1
あんな,,A2
あんなに,,B1
あんまり,,B1
いい; よい,,A1
いいえ,,A1
いい加減,,B2
いかが,,A1
いかに,,B2
いかにも,,B2
いきなり,,B1
いくつ,,A1
いくら,,A1
いくら～ても,,A2
いけない,,B1
いざ,,B2
いじめる,,A2
いじる,,B2
いずれ,,B1
いたずら,,B1
いただきます,,B1
いただく,,A2
いたって,,B2
いたわる,,B2
いちいち,,B1
いっそ,,B2
いってきます,,B1
いってまいります,,B1
いっぱい,,A2
いつ,,A1
いつか,,B1
いつでも,,B1
いつのまにか,,B1
いつまでも,,B1
いつも,,A1
いびき,,B2
いやに,,B2
いやらしい,,B2
いよいよ,,B1
いらいら,,B1
いらっしゃい,,B1
いらっしゃる,,A2
いわゆる,,B1
うかがう,,A2
うがい,,B1
うそ,,A2
うたた寝,,B2
うち,,A1
うっかり,,B1
うっとうしい,,B2
うつむく,,B2
うどん,,B1
うなずく,,B1
うなる,,B1
うぬぼれ,,B2
うまい,,A2
うるさい,,A1
うれしい,,A2
うろうろ,,B1
うん,,A2
うんざり,,B2
うんと,,B1
ええ,,A1
ええと,,B1
おいでになる,,A2
おおい (かん),,B2
おおげさ,,B2
おおざっぱ,,B1
おおまかな,,B2
おかけください,,B1
おかげ,,A2
おかげさまで,,B1
おかしい,,A2
おかず,,B1
おかまいなく,,B1
おごる (ゆうしょくを～),,B2
おじいさん,,A1
おだてる,,B2
おっかない,,B2
おっしゃる,,A2
おつり,,A2
おととし,,A1
おどおど,,B2
おはよう,,B1
おばあさん,,A1
おびただしい,,B2
おまけ,,B2
おまちどおさま,,B1
おまわりさん,,A1
おむつ,,B2
おめでたい,,B1
おめでとう,,B1
おもちゃ,,A2
おやつ,,B1
およそ,,B1
おる,,A2
おろそか,,B2
おんぶ,,B2
お世話になりました,,B1
お互い,,B1
お代わり,,B1
お休み,,B1
お使い,,B2
お供,,B2
お元気で,,B1
お兄さん,,A1
お先に,,B1
お出掛け,,B1
お前,,B1
お参り,,B1
お喋り,,B1
お土産,,A2
お大事に,,B1
お姉さん,,A1
お嬢さん,,A2
お子さん,,A2
お宅,,A2
お宮,,B2
お帰り,,B1
お弁当,,A1
お待たせしました,,B1
お待ちください,,B1
お手上げ,,B2
お手伝いさん,,B1
お手洗い,,A1
お昼,,B1
お母さん,,A1
お気の毒に,,B1
お洒落,,B1
お父さん,,A1
お産,,B2
お皿,,A1
お目に掛かる,,B1
お礼,,A2
お祝い,,A2
お祭り,,A2
お腹,,A1
お茶,,A1
お菓子,,A1
お袋,,B2
お見舞い,,A2
お辞儀,,B1
お邪魔します,,B1
お酒,,A1
お金,,A1
お金持ち,,A2
お願いします,,B1
お風呂,,A1
お～,,A1
かかと,,B2
かかる,,A1
かく (はじを),,B2
かける,,A1
かさばる,,B2
かさむ,,B2
かしこまりました,,B1
かじる,,B1
かっこう,,A2
かつて,,B2
かなり,,B1
かなわない,,B2
かばん,,A1
かび (～がはえる),,B1
かぶる,,A1
かぶれる,,B2
かまう,,A2
かもしれない,,B1
かゆい,,B1
からかう,,B1
かりに,,B2
かるた,,B1
かろうじて,,B2
がっかり,,B1
がっくり,,B2
がっしり,,B2
がっちり,,B2
きしむ,,B2
きちっと,,B2
きちんと,,B1
きっかけ,,B1
きっかり,,B2
きっちり,,B2
きっと,,A2
きっぱり,,B2
きつい,,B1
きまりわるい,,B2
きらびやか,,B2
ぎっしり,,B1
くぐる,,B2
くしゃみ,,B1
くじ (～をひく),,B2
くじびき,,B2
くすぐったい,,B2
くたびれる,,B1
くださる,,A2
くだらない,,B1
くっきり,,B2
くっつく,,B1
くっつける,,B1
くどい,,B1
くるむ,,B1
くれぐれも,,B1
くれる,,A2
ぐっすり,,B1
ぐっと,,B2
けがする,,A2
けがらわしい,,B2
けち,,B1
けなす,,B2
けれど; けれども,,A2
けんかする,,A2
げっそり,,B2
こう,,A2
こうして,,B1
ここ,,A1
こしらえる,,B1
こじれる,,B2
こす (みずを～),,B2
こたつ,,B2
こだわる,,B2
こちら,,A1
こちらこそ,,B1
こっそり,,B1
こっち,,A1
こつ (をつかむ),,B2
ことごとく,,B2
ことによると,,B1
こないだ,,B1
この,,A1
この間,,A2
この頃,,A2
こぼす,,B1
こぼれる,,B1
これ,,A1
これから,,A2
これら,,B1
こんな,,A1
こんなに,,B1
こんにちは,,B1
こんばんは,,B1
ございます (かん),,B2
ごちそう,,A2
ごちそうさま,,B1
ごまかす,,B2
ごみ,,A2
ごめんください,,B1
ごめんなさい,,B1
ごらんなさい (かん),,B2
ごらんになる,,A2
ご主人,,A2
ご存じ,,A2
ご苦労様,,B1
さあ,,A1
さえずる,,B2
さきに (いぜん),,B2
さぞ (さぞや。さぞかし),,B2
さっき,,A2
さっさと,,B1
さっと,,B2
さっぱり,,B1
さっぱりする,,B2
さて,,B1
さほど,,B2
さも,,B2
さようなら,,B1
さらう (こどもを～),,B2
さわやか,,B1
さ来年,,A1
ざっと,,B1
しいんと (する),,B1
しかし,,A1
しかしながら,,B2
しかも,,B1
しきたり,,B2
しきりに,,B1
しくじる,,B2
したがって,,B1
しっかり,,A2
しっぽ,,B1
しつこい,,B1
しつれいしました (かん),,B1
しなやか,,B2
しばしば,,B1
しばらく,,A2
しびれる,,B1
しぶとい,,B2
しぼむ,,B1
しまった (かん),,B1
しみじみ,,B1
しめた (かん),,B1
しゃがむ,,B1
しゃっくり,,B1
しゃぶる,,B1
しゃべる,,B1
しょうがない,,B1
しょっちゅう,,B2
しわ (かおの～),,B1
じっくり,,B2
じっと,,B1
じゃ; じゃあ,,A1
じゃんけん,,B1
じゅうたん (カーペット),,B1
すがすがしい,,B2
すくう (みずを～),,B2
すくなくとも,,B1
すぐに,,A1
すっかり,,A2
すっきり,,B1
すっと,,A2
すっぱい,,B1
すてき,,B1
すなわち,,B1
すばしこい,,B2
すまない,,B1
すみません (かん),,B1
すみやか,,B2
すり,,A2
する,,A1
すると,,A2
すれちがい,,B2
すれ違う,,B1
すんなり,,B2
ずうっと,,B1
ずっと,,B1
ずばり,,B2
ずぶぬれ,,B2
ずらす,,B1
ずらっと,,B2
ずらり,,B1
ずるずる,,B2
ずれ,,B2
ずれる,,B1
せっせと,,B1
せめて,,B1
ぜひとも,,B1
そう,,A2
そう; そうです,,A1
そういえば,,B1
そうして; そして,,A1
そうっと,,B1
そこ,,A1
そこで,,B1
そこら,,B2
そして,,B1
そそっかしい,,B1
そちら,,A1
そっくり,,B1
そっち,,A1
そっと,,B1
その,,A1
そのうえ,,B1
そのうち,,B1
そのころ,,B1
そのため,,B1
そのまま,,B1
その他,,B1
そば,,A1
そらす,,B2
そり (～にのる),,B2
それ,,A1
それから,,A1
それぞれ,,B1
それで,,A2
それでは,,A1
それでも,,B1
それと,,B1
それとも,,B1
それなのに,,B1
それなら,,B1
それに,,A2
それはいけませんね (かん),,B1
それほど,,A2
それゆえ,,B2
そろそろ,,A2
そんな,,A2
そんなに,,A2
ぞんざい,,B2
たくましい,,B2
たしか,,B1
ただ,,B1
ただいま,,B1
たちまち,,B1
たっぷり,,B1
たて,,A1
たとえ,,B1
たばこ,,A1
たびたび,,B1
たまに,,A2
たまらない,,B1
ためらう,,B1
たやすい,,B2
たんす,,B1
だいいち (とりわけ),,B1
だから,,A2
だが,,B1
だけど,,B1
だったら,,B2
だって,,B1
だと,,B2
だぶだぶ,,B2
だめ,,A2
だらしない,,B1
だるい,,B2
ちぎる,,B1
ちっとも,,A2
ちゃんと,,B1
ちやほや,,B2
ちょうだい,,B1
ちょくちょく,,B2
ちょっと,,A1
ちらっと,,B2
ついで,,B1
つかの間,,B2
つくづく,,B2
つける,,A1
つじつま (はなしの～),,B2
つねる,,B2
つぶら,,B2
つぶる (めを～),,B2
つまずく,,B1
つまらない,,A1
つまり,,B1
つもり,,A2
てっきり,,B2
てっぺん,,B2
てんで,,B2
でかい,,B2
できもの,,B2
できる,,A1
できるだけ,,A2
できれば,,B1
ですから,,B1
でたらめ,,B1
では,,A1
でも,,A1
と,,B1
とうとう,,A2
とかく,,B2
とがめる,,B2
とぎれる,,B2
とげ (をさす),,B2
ところが,,B1
ところで,,B1
とっくに,,B1
とっさに,,B2
とって,,B2
とても,,A1
とにかく,,B1
とぼける,,B2
ともかく,,B1
とりあえず,,B2
とろける,,B2
とんだ,,B2
とんでもない,,B1
どう,,A1
どういたしまして (かん),,B1
どうして,,A1
どうしても,,B1
どうせ,,B1
どうぞ,,A1
どうぞよろしく,,B1
どうにか,,B2
どうも,,A1
どうやら,,B2
どきどき,,B1
どこ,,A1
どこか,,B1
どちら,,A1
どっち,,A1
どっと,,B1
どなた,,A1
どの,,A1
どれ,,A1
どんどん,,A2
どんな,,A1
どんなに,,B1
ない,,A1
なお,,B1
なおさら,,B2
なさる,,A2
なぜ,,A1
なぜなら,,B1
なにしろ,,B1
なにとぞ,,B2
なにも,,B1
なにより,,B2
なる,,A1
なるたけ,,B2
なるべく,,A2
なるほど,,A2
なんだかんだ,,B2
なんとなく,,B1
なんとも,,B1
なんなり,,B2
にきび,,B2
にぎやか,,A1
にこにこ,,B1
にせ物,,B2
にっこり,,B1
にも関わらず,,B2
ねじ,,B1
ねじまわし,,B2
ねだる,,B2
のこぎり,,B1
のどか,,B2
のろのろ,,B1
のんびり,,B1
はあ (かん),,B1
はい,,A1
はい (かん),,B1
はかない,,B2
はきはき,,B1
はく,,A1
はさみ,,B1
はじめまして,,B1
はず,,A2
はっきり,,A2
はまる,,B2
はめる,,B1
はらはら,,B2
ばい菌,,B2
ばかばかしい,,B2
ばからしい,,B1
ばったり,,B1
ばてる,,B2
ばね,,B1
ばらまく,,B2
ひいては,,B2
ひげ,,A2
ひたすら,,B2
ひとまず,,B1
ひとりでに,,B1
ひどい,,A2
ひび (かべの～),,B2
ひゃっかじてん,,B1
ひょっと,,B2
びっくりする,,A2
びっしょり,,B2
びら,,B2
びり,,B2
ぴかぴか,,B1
ぴたり,,B1
ぴったり,,B1
ふさわしい,,B2
ふざける,,B1
ふと,,B1
ふらふら,,B2
ふわふわ,,B1
ふんだん,,B2
ぶかぶか,,B2
ぶつかる,,B1
ぶつける,,B1
ぶつぶつ,,B1
ぶどう,,A2
ぶらさげる,,B1
ぶらぶら,,B2
へそ,,B1
へりくだる,,B2
ぺこぺこ,,B2
ほっと,,B1
ほっぺた,,B2
ほとり,,B2
ほとんど,,A2
ほぼ,,B1
ほんの～,,B1
ぼつぼつ,,B2
ぼやく,,B2
ぼやける,,B2
ぼろ,,B1
ぼんやり,,B1
まあ,,B1
まあまあ,,B1
まごつく,,B2
まごまご,,B1
まさか,,B1
まさしく,,B2
まさに,,B1
まして,,B2
ますます,,B1
まず,,A2
まずい,,A1
また,,A1
またがる (うまを～),,B2
またぐ,,B1
または,,A2
まだ,,A1
まちまち,,B2
まっすぐ,,A1
まと,,B2
まとまる,,B1
まとめる,,B1
まぶしい,,B1
まぶた,,B1
まるっきり,,B2
まるで,,B1
みじめ,,B1
みすぼらしい,,B2
みっともない,,B1
みんな,,A1
むしる,,B2
めちゃくちゃ,,B1
めっきり,,B1
めでたい,,B1
めまい,,B1
もう,,A1
もうすぐ,,A2
もがく,,B2
もし,,A2
もしかしたら,,B1
もしかして,,B2
もしかすると,,B1
もしくは,,B2
もしも,,B1
もしもし,,A1
もたらす,,B2
もたれる,,B1
もちろん,,A2
もったいない,,B1
もっと,,A1
もてなす,,B2
もてる,,B2
もはや,,B2
もめる,,B2
もらう,,A2
もろに,,B2
やかましい,,B1
やかん,,B1
やがて,,B1
やけに,,B2
やたらに,,B1
やっつける,,B1
やっと,,A2
やっぱり,,B1
やはり; やっぱり,,A2
やむをえない,,B1
やや,,B1
ややこしい,,B2
やりとおす,,B2
やりとげる,,B2
やる,,A1
ゆっくりと,,A1
ゆとり,,B2
よく,,A1
よこす,,B1
よし (かん),,B2
よって (よりどころ),,B2
より,,B1
よろしい,,A2
よろしく (かん),,B1
りっぱ,,A1
ろうそく,,B1
ろくな,,B2
わがまま,,B1
わざと,,B1
わざわざ,,B2
アイスクリーム,,B1
アイデア; アイディア,,B1
アウト,,B1
アクセサリー,,A2
アクセル,,B2
アクセント,,B1
アジア,,A2
アップ,,B1
アナウンサー,,A2
アパート,,A1
アフリカ,,A2
アプローチ,,B2
アマチュア,,B2
アメリカ,,A2
アラブ,,B2
アルカリ,,B2
アルコール,,A2
アルバイト,,A2
アルバム,,B1
アルミ,,B2
アワー,,B2
アンケート,,B1
アンコール,,B2
アンテナ,,B1
イェス,,B2
イコール,,B1
イメージ,,B1
インキ,,B1
インク,,B1
インタビュー,,B1
インターチェンジ,,B2
インターナショナル,,B2
インターフォン,,B2
インテリ,,B2
インフォメーション,,B2
インフレ,,B2
ウイスキー,,B1
ウエートレス,,B1
ウーマン,,B1
ウール,,B1
エアメール,,B2
エスカレーター,,A2
エチケット,,B1
エネルギー,,B1
エプロン,,B1
エレガント,,B2
エレベーター,,A1
エンジニア,,B2
エンジン,,B1
オイル,,B1
オフィス,,B1
オリエンテーション,,B2
オルガン,,B1
オンライン,,B2
オーケストラ,,B1
オートバイ,,A2
オートマチック,,B2
オートメーション,,B1
オーバー,,A2
カクテル,,B2
カセット,,B1
カット,,B2
カップ,,A1
カテゴリー,,B2
カバー,,B1
カムバック,,B2
カメラ,,A1
カメラマン,,B2
カラー,,B1
カルテ,,B2
カレンダー,,A1
カレー,,A1
カロリー,,B1
カンニング,,B2
カー,,B1
カーテン,,A2
カード,,B1
カーブ,,B1
カーペット,,B2
ガイド,,B2
ガイドブック,,B2
ガス,,A2
ガソリン,,A2
ガソリンスタンド,,A2
ガム,,B1
ガラス,,A2
ガレージ,,B2
キャッチ,,B2
キャプテン,,B1
キャリア,,B2
キャンパス,,B1
キャンプ,,B1
キロ; キログラム,,A1
キロ; キロメートル,,A1
ギター,,A1
ギャング,,B1
クイズ,,B2
クラシック,,B1
クラス,,A1
クリスマス,,B1
クリーニング,,B1
クリーム,,B1
クレーン,,B2
クーラー,,B1
グラス,,B1
グラム,,A1
グランド,,B1
グループ,,B1
グレー,,B2
ケーキ,,A2
ケース,,B1
ゲスト,,B2
ゲーム,,B1
コック,,B1
コップ,,A1
コピーする,,A1
コマーシャル,,B2
コメント,,B2
コレクション,,B1
コンクリート,,B1
コンクール,,B1
コンサート,,A2
コンセント,,B1
コンタクト (レンズ),,B2
コンテスト,,B1
コントラスト,,B2
コントロール,,B2
コンパス,,B2
コンピュータ; コンピューター,,A2
コース,,B1
コーチ,,B1
コート,,A1
コード,,B1
コーナー,,B2
コーヒー,,A1
コーラス,,B1
ゴム,,B1
ゴール,,B1
サイクル,,B2
サイズ,,B2
サイレン,,B1
サイン,,B1
サボる,,B2
サラダ,,A2
サラリーマン,,B1
サンキュー,,B2
サンタクロース,,B2
サンダル,,A2
サンドイッチ,,A2
サンプル,,B1
サークル,,B1
サービス,,B1
システム,,B2
シック,,B2
シナリオ,,B2
シャッター,,B1
シャツ,,A1
シャワー,,A1
ショック,,B1
ショップ,,B1
ショー,,B2
シリーズ,,B1
シーズン,,B1
シーツ,,B1
シート,,B2
ジェット機,,B1
ジャズ,,B2
ジャム,,A2
ジャンパー,,B2
ジャンプ,,B2
ジャンボ,,B2
ジャンル,,B2
ジャーナリスト,,B1
ジュース,,B1
ジーパン,,B2
ジーンズ,,B1
スイッチ,,B1
スカート,,A1
スカーフ,,B1
スキー,,B1
スクリーン,,A2
スクール,,B1
スケジュール,,B1
スケート,,B1
スタイル,,B1
スタジオ,,B2
スタンド,,B1
スター,,B1
スタート,,B1
スチュワーデス,,B1
スチーム,,B2
ステレオ,,A2
ステーキ,,A2
ステージ,,B1
スト,,B2
ストッキング,,B1
ストップ,,B1
ストライキ,,B2
ストレス,,B1
ストロボ,,B2
ストロー,,B2
ストーブ,,A1
スピーカー,,B1
スピーチ,,B1
スプリング,,B2
スプーン,,A1
スペース,,B2
スポーツ,,A1
スポーツカー,,B2
スマート,,B1
スライド,,B1
スラックス,,B2
スリッパ,,B1
スーツ,,A2
スーツケース,,A2
スーパー (マーケット),,A2
スープ,,B1
ズボン,,A1
セクション,,B2
セックス,,B2
セット,,B1
セメント,,B1
セレモニー,,B2
センス,,B2
センター,,B1
センチ,,B1
セーター,,A1
セール,,B2
ゼミ,,B1
ゼリー,,B2
ゼロ,,A1
ソックス,,B2
ソファー,,B1
ソフト,,A2
ソロ,,B2
ソース,,B2
タイア,,B1
タイトル,,B1
タイピスト,,B2
タイプ,,A2
タイプライター,,B1
タイマー,,B2
タイミング,,B2
タイム,,B2
タイムリー,,B2
タイル,,B2
タオル,,B1
タクシー,,A1
タレント,,B2
タワー,,B2
ダイヤ,,B1
ダイヤグラム,,B1
ダイヤモンド,,B1
ダイヤル,,B1
ダウン,,B1
ダブル,,B1
ダム,,B1
ダンス,,B1
ダンプ,,B2
ダース,,B2
チェックする,,A2
チェンジ,,B2
チップ,,B1
チャイム,,B1
チャンス,,B1
チャンネル,,B2
チョーク,,B1
チーズ,,B1
チーム,,B1
チームワーク,,B2
ティシュペーパー,,B2
テキスト,,A2
テスト,,A1
テニス,,A2
テニスコート,,B1
テレックス,,B2
テレビ,,A1
テント,,B1
テンポ,,B1
テーブル,,A1
テープ,,A1
テープレコーダー,,A1
テーマ,,B1
デコレーション,,B2
デザイン,,B1
デザート,,B1
デッサン,,B2
デパート,,A1
デモ,,B1
デモンストレーション,,B2
データ,,B1
デート,,B1
トイレ,,A1
トップ,,B1
トラック,,B1
トラブル,,B2
トランジスター,,B2
トランプ,,B1
トレーニング,,B1
トン,,B1
トンネル,,B1
トーン,,B2
ドア,,A1
ドライ,,B2
ドライクリーニング,,B2
ドライバー,,B2
ドライブ,,B1
ドライブイン,,B2
ドラマ,,B1
ドリル,,B2
ドレス,,B1
ナイター,,B2
ナイフ,,A1
ナイロン,,B1
ナプキン,,B2
ナンセンス,,B2
ナンバー,,B1
ニュアンス,,B2
ニュー,,B2
ニュース,,A1
ネガ,,B2
ネクタイ,,A1
ネックレス,,B1
ノイローゼ,,B2
ノック,,B1
ノー,,B1
ノート,,A1
ハイキング,,B1
ハンカチ,,A1
ハンガー,,B2
ハンサム,,B1
ハンドル,,B1
ハンバーグ,,A2
バイオリン,,B1
バイバイ,,B1
バケツ,,B1
バス,,A1
バター,,A1
バック,,B1
バッグ,,B1
バッジ,,B2
バッテリー,,B2
バット,,B2
バランス,,B1
バンド,,B1
バー,,B2
パイプ,,B1
パイロット,,B1
パジャマ,,B2
パス,,B1
パスポート,,B1
パソコン,,A2
パターン,,B1
パチンコ,,B2
パトカー,,B2
パパ,,A2
パン,,A1
パンク,,B2
パンツ,,B1
パーセント,,B1
パーティー,,A1
パート,,B2
パート (タイム),,A2
ヒント,,B2
ビジネス,,B2
ビタミン,,B1
ビデオ,,B1
ビニール,,B1
ビル,,A2
ビルディング,,B1
ビール,,B1
ビールス,,B2
ピアノ,,A2
ピクニック,,B1
ピストル,,B1
ピン,,B1
ピンク,,B1
ファイト,,B2
ファイル,,B2
ファスナー,,B1
ファックス,,A2
ファン,,B2
フィルタ,,B2
フィルム,,A1
フォーク,,A1
フォーム,,B2
フライパン,,B1
フリー,,B1
フロント,,B2
ブザー,,B2
ブラウス,,B1
ブラシ,,B1
ブル,,B2
ブレーキ,,B1
ブローチ,,B1
ブーツ,,B2
ブーム,,B2
プラス,,B1
プラスチック,,B1
プラットホーム,,B1
プラン,,B1
プリント,,B1
プレゼント,,A2
プロ,,B1
プログラム,,B1
プール,,A1
ヘリコプター,,B1
ベスト,,B2
ベストセラー,,B2
ベッド,,A1
ベテラン,,B1
ベル,,A2
ベルト,,B1
ベンチ,,B1
ベース,,B2
ペア,,B2
ペット,,A1
ペン,,A1
ペンキ,,B1
ペンチ,,B1
ページ,,A1
ホテル,,A1
ホース,,B2
ホーム,,B1
ホール,,B2
ボイコット,,B2
ボタン,,A1
ボルト,,B2
ボーイ,,B1
ボート,,B1
ボーナス,,B1
ボール,,B1
ボールペン,,A1
ポイント,,B2
ポケット,,A1
ポジション,,B2
ポスター,,B1
ポスト,,A1
ポット,,B2
ポンプ,,B2
ポーズ,,B2
マイク,,B1
マイクロフォン,,B2
マイナス,,B1
マイ～,,B2
マスク,,B1
マスコミ,,B1
マスター,,B1
マッサージ,,B1
マッチ,,A1
マフラー,,B1
ママ,,B1
マラソン,,B1
マンション,,B1
マーク,,B2
マーケット,,B1
ミシン,,B1
ミス,,B1
ミスプリント,,B2
ミセス,,B2
ミュージック,,B2
ミリ (メートル),,B1
ミルク,,B1
ムード,,B2
メッセージ,,B1
メディア,,B2
メニュー,,B1
メモ,,B1
メロディー,,B2
メンバー,,B1
メーカー,,B2
メートル,,A1
モダン,,B1
モデル,,B1
モニター,,B2
モノレール,,B1
モーター,,B1
モーテル,,B2
ヤング,,B2
ユニフォーム,,B2
ユニーク,,B2
ユーモア,,B1
ヨット,,B1
ヨーロッパ,,B1
ライス,,B2
ライター,,B1
ラケット,,B1
ラジオ,,A1
ラジオカセ,,A1
ラッシュアワー,,B1
ラベル,,B1
ランチ,,B1
ランニング,,B1
ランプ,,B2
リズム,,B1
リットル,,B1
リボン,,B1
リポート,,B1
リード,,B2
ルーズ,,B2
ルール,,B1
レインコート,,B1
レギュラー,,B2
レクリェーション,,B1
レコード,,A1
レジ,,A2
レジャー,,B1
レストラン,,A1
レッスン,,B2
レディー,,B2
レバー,,B2
レベル,,B1
レポート; リポート,,A2
レンジ,,B2
レンズ,,B1
レンタカー,,B2
レントゲン,,B2
レース,,B2
ロケット,,B1
ロッカー,,B1
ロビー,,B1
ロマンチック,,B2
ロープ,,B2
ロープウエイ,,B2
ローマ字,,B1
ワイシャツ,,A1
ワイン,,B1
ワット,,B2
ワンピース,,B1
ワープロ,,A2
一,,A1
一つ,,A1
一人,,A1
一人一人,,B1
一休み,,B1
一体,,B1
一切,,B2
一別,,B2
一同,,B2
一変,,B2
一定,,B1
一家,,B1
一層,,B1
一帯,,B1
一度,,A2
一度に,,B1
一律,,B2
一心,,B2
一応,,B1
一息,,B2
一括,,B2
一挙に,,B2
一斉,,B1
一方,,B1
一日,,A1
一旦,,B1
一昨年,,B1
一昨日,,A1
一昨昨日,,B1
一時,,B1
一月,,A1
一概に,,B2
一様,,B2
一段と,,B1
一気,,B2
一流,,B1
一生,,B1
一生懸命,,A2
一番,,A1
一目,,B2
一瞬,,B1
一種,,B1
一筋,,B2
一緒,,A1
一致,,B1
一般,,B1
一見,,B2
一言,,B1
一通り,,B1
一連,,B2
一部分,,B2
一面,,B2
一頃,,B2
一～,,B1
丁寧,,A2
丁度,,A1
七,,A1
七つ,,A1
七日,,A1
万,,A1
万一,,B1
万人,,B2
万年筆,,A1
万歳,,B1
万能,,B2
丈,,B2
丈夫,,A1
三,,A1
三つ,,A1
三味線,,B2
三日,,A1
三日月,,B1
三角,,B1
上,,A1
上がり,,B2
上がる,,A2
上げる,,A1
上り,,B1
上る,,B1
上下,,B1
上京,,B1
上位,,B2
上司,,B1
上品,,B1
上回る,,B2
上手,,A1
上旬,,B1
上昇,,B2
上演,,B2
上着,,A1
上空,,B2
上等,,B1
上級,,B1
上達,,B1
上陸,,B2
上～,,B1
下,,A1
下げる,,A2
下さい,,A1
下す,,B1
下り,,B1
下りる,,A2
下る,,A2
下取り,,B2
下品,,B1
下地,,B2
下宿,,A2
下心,,B2
下手,,A1
下旬,,B1
下書き,,B1
下水,,B1
下火,,B2
下町,,B1
下痢,,B2
下着,,A2
下線,,B1
下調べ,,B2
下車,,B1
下降,,B1
下駄,,B1
不,,B1
不便,,A2
不利,,B1
不動産,,B2
不可,,B1
不可欠,,B2
不吉,,B2
不在,,B2
不安,,B1
不審,,B2
不平,,B1
不幸,,B1
不当,,B2
不思議,,B1
不意,,B2
不振,,B2
不明,,B2
不景気,,B2
不服,,B2
不正,,B1
不況,,B2
不満,,B1
不潔,,B1
不自由,,B1
不良,,B2
不規則,,B1
不評,,B2
不調,,B2
不足,,B1
不通,,B1
不運,,B1
不順,,B2
与える,,B1
与党,,B2
且つ,,B2
世,,B1
世の中,,B1
世代,,B2
世帯,,B2
世界,,A2
世紀,,B1
世話,,A2
世論,,B2
世辞,,B2
世間,,B1
丘,,B1
丘陵,,B1
両側,,B1
両方,,A2
両替,,B1
両極,,B2
両立,,B2
両親,,A1
両～,,B1
並,,B1
並びに,,B2
並ぶ,,A1
並べる,,A1
並列,,B2
並木,,B1
並行,,B1
中,,A1
中々,,A2
中世,,B1
中傷,,B2
中古,,B1
中味,,B1
中和,,B2
中央,,B1
中学,,B1
中学校,,A2
中年,,B1
中心,,B1
中性,,B1
中指,,B1
中断,,B2
中旬,,B1
中枢,,B2
中止,,B1
中毒,,B2
中程,,B2
中立,,B2
中継,,B2
中腹,,B2
中身,,B1
中途,,B1
中間,,B1
丸,,B1
丸々,,B2
丸い; 円い,,A1
丸ごと,,B2
丸める,,B2
主,,B2
主に,,B1
主人,,B1
主人公,,B2
主任,,B2
主体,,B2
主催,,B2
主婦,,B1
主導,,B2
主張,,B1
主役,,B1
主権,,B2
主演,,B2
主義,,B1
主要,,B1
主観,,B2
主語,,B1
主題,,B2
主食,,B2
丼,,B1
乃至,,B2
久しい,,B2
久しぶり,,A2
乏しい,,B2
乗せる,,B1
乗っ取る,,B2
乗り換える,,A2
乗り物,,A2
乗り越し,,B1
乗り込む,,B2
乗る,,A1
乗客,,B1
乗換,,B1
乗車,,B1
乙,,B2
九,,A1
九つ,,A1
九日,,A1
乱す,,B2
乱れる,,B2
乱暴,,B1
乳,,B2
乾かす,,B1
乾く,,A2
乾杯,,B1
乾燥,,B1
乾電池,,B1
了承,,B2
了解,,B2
予て,,B2
予め,,B2
予備,,B1
予報,,B1
予定,,A2
予想,,B1
予感,,B2
予期,,B1
予測,,B1
予算,,B1
予約,,A2
予習,,A2
予言,,B2
予防,,B1
争い,,B2
争う,,B1
事,,A2
事件,,B1
事前,,B2
事務所,,A2
事実,,B1
事情,,B1
事故,,A2
事柄,,B2
事業,,B2
事項,,B2
二,,A1
二つ,,A1
二人,,A1
二十日,,A1
二十歳,,A1
二日,,A1
云々,,B2
互い,,B1
五,,A1
五つ,,A1
五十音,,B1
五日,,A1
井戸,,B1
亡くす,,B1
亡くなる,,A2
交える,,B2
交ざる,,B1
交じる,,B1
交す,,B2
交ぜる,,B1
交わる,,B2
交互,,B2
交付,,B2
交差,,B1
交差点,,A1
交換,,B1
交替,,B1
交流,,B1
交渉,,B2
交番,,A1
交通,,A2
交通機関,,B1
交際,,B1
享受,,B1
人,,A1
人事,,B1
人体,,B2
人口,,A2
人命,,B1
人工,,B1
人差指,,B1
人形,,A2
人影,,B2
人文科学,,B1
人材,,B2
人柄,,B2
人格,,B2
人民,,B2
人気,,B1
人物,,B1
人生,,B1
人目,,B2
人種,,B1
人質,,B2
人込み,,B1
人通り,,B1
人造,,B1
人間,,B1
人類,,B1
今,,A1
今に,,B1
今にも,,B1
今回,,B1
今夜,,A2
今年,,A1
今度,,A2
今後,,B1
今日,,A1
今晩,,A1
今更,,B2
今月,,A1
今朝,,A1
今週,,A1
今～,,B1
介入,,B2
介抱,,B2
介護,,B2
仏,,B1
仏像,,B2
仕える,,B2
仕上,,B2
仕上がり,,B2
仕上がる,,B1
仕上げる,,B2
仕事,,A1
仕入れる,,B2
仕切る,,B2
仕掛,,B2
仕掛ける,,B2
仕方,,A2
仕方がない,,B1
仕様,,B1
仕立てる,,B2
仕組,,B2
他,,B1
他人,,B1
他動詞,,B2
他方,,B2
付き合い,,B1
付く,,B1
付ける,,B1
付け加える,,B2
付合う,,B1
付近,,B1
付録,,B2
代える,,B1
代る,,B1
代る代る,,B2
代わり,,A2
代名詞,,B1
代弁,,B2
代理,,B1
代用,,B2
代表,,B1
代金,,B1
以上,,A2
以下,,A2
以内,,A2
以前,,B1
以外,,A2
以後,,B1
以来,,B1
以降,,B1
仮名,,B1
仮名遣い,,B1
仮定,,B1
仰ぐ,,B2
仲,,B1
仲人,,B2
仲直り,,B1
仲良し,,B1
仲間,,B1
件,,B1
任す,,B2
任せる,,B1
任務,,B2
任命,,B2
企業,,B1
企画,,B2
休み,,A1
休む,,A1
休める,,B2
休学,,B2
休息,,B1
休憩,,B1
休戦,,B2
休暇,,B1
休業,,B1
休講,,B1
休養,,B1
会う,,A1
会合,,B1
会員,,B1
会場,,A2
会社,,A1
会見,,B2
会計,,B1
会話,,A2
会談,,B2
会議,,A2
会議室,,A2
会館,,B1
伜,,B2
伝える,,A2
伝わる,,B1
伝来,,B2
伝染,,B1
伝統,,B1
伝言,,B1
伝記,,B1
伝説,,B2
伝達,,B2
伯母,,B1
伯母さん; 叔母さん,,A1
伯父,,B1
伯父; 叔父さん,,A1
伯父さん,,B1
伴う,,B2
伸ばす,,B1
伸びる,,B1
伺う,,A2
似る,,A2
似合う,,B1
似通う,,B2
但し,,B1
位,,B1
位置,,B1
低い,,A1
低下,,B1
低～,,B1
住,,B1
住まい,,B1
住む,,A1
住宅,,B1
住所,,A2
住民,,B1
体,,A1
体付き,,B2
体制,,B1
体力,,B2
体操,,B1
体格,,B2
体温,,B1
体積,,B1
体系,,B1
体育,,B1
体裁,,B2
体重,,B1
体験,,B2
何,,A1
何々,,B1
何か,,B1
何だか,,B2
何で,,B1
何でも,,B1
何とか,,B1
何分,,B1
何気ない,,B2
何～,,A1
余り,,A1
余る,,B1
余分,,B1
余地,,B2
余所,,B1
余所見,,B2
余暇,,B2
余程,,B2
余興,,B2
余裕,,B1
余計,,B1
作,,B1
作り,,B2
作る,,A1
作品,,B1
作家,,B1
作成,,B1
作戦,,B2
作文,,A1
作曲,,B1
作業,,B1
作法,,B1
作物,,B1
作用,,B2
作者,,B1
作製,,B1
使い道,,B2
使う,,A1
使命,,B2
使用,,B1
使用人,,B2
例,,B1
例え,,B1
例えば,,A2
例える,,B1
例外,,B1
侍,,B2
供,,B1
供給,,B1
依存,,B2
依然,,B1
依頼,,B1
価値,,B1
価格,,B1
侮辱,,B2
侵す,,B2
侵入,,B1
侵略,,B2
便,,B1
便り,,B1
便利,,A1
便宜,,B2
便所,,B1
便箋,,B1
係,,B1
係わる,,B1
促す,,B2
促進,,B2
俄,,B1
保つ,,B2
保健,,B1
保存,,B1
保守,,B2
保温,,B2
保管,,B2
保育,,B2
保証,,B1
保護,,B1
保険,,B2
保障,,B1
保養,,B2
信じる,,B1
信ずる,,B1
信仰,,B1
信任,,B2
信号,,B1
信用,,B1
信者,,B2
信頼,,B1
修士,,B2
修学,,B2
修正,,B1
修理,,B1
修繕,,B1
修行,,B2
修飾,,B1
俳優,,B1
俳句,,B1
俺,,B2
倉庫,,B1
個々,,B1
個人,,B1
個体,,B1
個別,,B2
個性,,B2
倍,,A2
倍率,,B2
倒す,,B1
倒れる,,A2
倒産,,B1
候補,,B1
借り,,B1
借りる,,A1
借金,,B1
倣う,,B1
値,,B1
値する,,B2
値引き,,B2
値打ち,,B2
値段,,A2
倹約,,B2
偉い,,B1
偉大,,B1
偏見,,B2
停止,,B1
停滞,,B2
停留所,,B1
停車,,B1
停電,,B1
健やか,,B2
健全,,B2
健在,,B2
健康,,B1
側面,,B2
偶,,B1
偶々,,B1
偶数,,B1
偶然,,B1
偽造,,B2
傍ら,,B2
傑作,,B1
傘,,A1
備える,,B1
備え付ける,,B2
備わる,,B2
催し,,B1
催す,,B2
催促,,B1
傷,,B1
傷める,,B1
傷付く,,B2
傷付ける,,B2
傾く,,B1
傾ける,,B2
傾らか,,B1
傾向,,B1
傾斜,,B2
僅か,,B1
働き,,B1
働く,,A1
像,,B1
僕,,A2
僧,,B1
儀式,,B1
億,,A2
優,,B1
優しい,,A2
優れる,,B1
優位,,B2
優先,,B2
優勝,,B1
優勢,,B2
優秀,,B1
優美,,B2
優越,,B2
儲かる,,B1
儲ける,,B1
元,,B1
元々,,B1
元年,,B2
元日,,B1
元来,,B2
元気,,A1
元素,,B2
元首,,B2
兄,,A1
兄弟,,A1
充実,,B2
兆,,B2
先,,A1
先々月,,B1
先々週,,B1
先だって,,B2
先代,,B2
先天的,,B2
先日,,B1
先月,,A1
先生,,A1
先着,,B2
先祖,,B1
先程,,B1
先端,,B1
先行,,B1
先輩,,A2
先週,,A1
先頭,,B1
光,,A2
光る,,A2
光景,,B1
光沢,,B2
光熱費,,B2
光線,,B1
克服,,B1
免れる,,B2
免税,,B1
免許,,B1
免除,,B2
兎,,B1
児童,,B1
党,,B1
入る,,A1
入れる,,A1
入れ物,,B1
入口,,A1
入場,,B1
入学,,A2
入手,,B2
入浴,,B2
入社,,B1
入賞,,B2
入院,,A2
全,,B1
全く,,B1
全て,,B1
全体,,B1
全力,,B1
全員,,B1
全国,,B1
全快,,B2
全滅,,B2
全然,,A2
全盛,,B2
全般,,B1
全身,,B1
全部,,A1
全集,,B1
八,,A1
八つ,,A1
八日,,A1
八百屋,,A1
公,,B2
公共,,B1
公務,,B1
公務員,,A2
公募,,B2
公団,,B2
公園,,A1
公害,,B1
公平,,B1
公式,,B1
公正,,B1
公演,,B1
公然,,B2
公用,,B2
公立,,B2
公衆,,B1
公表,,B1
公認,,B2
六,,A1
六つ,,A1
六日,,A1
共に,,B1
共働き,,B2
共同,,B1
共和,,B2
共存,,B2
共学,,B2
共感,,B2
共産～,,B1
共稼ぎ,,B2
共通,,B1
共鳴,,B2
兵器,,B2
兵士,,B2
兵隊,,B1
具える,,B1
具わる,,B2
具体,,B1
具合,,A2
典型,,B1
兼ねる,,B1
兼業,,B2
兼用,,B2
内,,A2
内乱,,B2
内容,,B1
内心,,B2
内科,,B1
内緒,,B2
内線,,B1
内蔵,,B2
内訳,,B2
内部,,B2
内閣,,B2
内陸,,B2
円,,B1
円周,,B1
円満,,B2
円滑,,B2
再び,,B1
再三,,B1
再会,,B2
再建,,B2
再来月,,A2
再来週,,A2
再現,,B2
再生,,B2
再発,,B2
再～,,B1
冒険,,B1
冒頭,,B2
冗談,,B1
写し,,B2
写す,,A2
写る,,B1
写生,,B1
写真,,A1
冠,,B1
冬,,A1
冬眠,,B2
冴える,,B2
冷える,,A2
冷たい,,A1
冷ます,,B1
冷める,,B1
冷やかす,,B2
冷やす,,B1
冷凍,,B1
冷房,,A2
冷淡,,B2
冷蔵,,B2
冷蔵庫,,A1
冷酷,,B2
冷静,,B1
凄い,,A2
凌ぐ,,B2
凍える,,B1
凍る,,B1
凝らす,,B2
凝る,,B2
几帳面,,B2
処分,,B2
処理,,B1
処置,,B2
処罰,,B2
凶作,,B2
凸凹,,B1
凹む,,B1
出,,B1
出かける,,A1
出くわす,,B2
出す,,A1
出る,,A1
出世,,B2
出会い,,B1
出会う,,B1
出入り,,B1
出入口,,B1
出動,,B2
出勤,,B1
出口,,A1
出合い,,B1
出品,,B2
出場,,B1
出席,,A2
出張,,B1
出来上がり,,B1
出来上がる,,B1
出来事,,B1
出演,,B2
出版,,B1
出現,,B2
出生,,B2
出産,,B2
出発,,A2
出直し,,B2
出社,,B2
出血,,B2
出費,,B2
出身,,B1
出迎え,,B1
出題,,B2
刀,,B1
刃,,B2
分,,B1
分かる,,A1
分かれる,,B1
分ける,,B1
分子,,B2
分布,,B1
分担,,B2
分散,,B2
分数,,B1
分析,,B1
分業,,B2
分母,,B2
分裂,,B2
分解,,B1
分配,,B2
分野,,B1
分量,,B1
分離,,B2
分類,,B1
切ない,,B2
切り,,B1
切る,,A1
切れ,,B1
切れる,,B1
切れ目,,B2
切実,,B2
切手,,A1
切替,,B2
切符,,A1
切開,,B2
刈る,,B1
刊行,,B1
刑,,B1
刑事,,B1
刑罰,,B2
列,,B1
列島,,B1
列車,,B1
初め; 始め,,A1
初めて,,A1
初めに,,B1
初旬,,B1
初歩,,B1
初版,,B2
初級,,B1
初耳,,B2
初～,,B1
判,,B1
判事,,B1
判子,,B1
判定,,B2
判断,,B1
判決,,B2
別,,A2
別々,,B1
別に,,B1
別れ,,B1
別れる,,A2
別荘,,B1
利口,,B1
利子,,B2
利害,,B1
利息,,B2
利潤,,B2
利点,,B2
利用,,A2
利益,,B1
到底,,B2
到着,,B1
到達,,B2
制する,,B2
制作,,B1
制定,,B2
制度,,B1
制服,,B2
制約,,B2
制裁,,B2
制限,,B1
刷る,,B1
券,,B1
刺さる,,B1
刺す,,B1
刺激,,B1
刺繍,,B2
刺身,,B1
刻む,,B1
剃る,,B1
剃刀,,B1
削る,,B1
削減,,B2
削除,,B1
前,,A1
前もって,,B1
前例,,B2
前売,,B2
前後,,B1
前提,,B2
前置き,,B2
前者,,B1
前途,,B2
前進,,B1
前～,,B1
剥く,,B1
剥ぐ,,B2
剥げる,,B2
剥す,,B1
副,,B2
副詞,,B1
副～,,B1
割と,,B1
割る,,B1
割れる,,A2
割合,,A2
割合に,,B1
割引,,B1
割当,,B2
割算,,B1
割込む,,B2
創作,,B1
創刊,,B2
創立,,B2
創造,,B1
劇,,B1
劇団,,B2
劇場,,B1
力,,A2
力強い,,B1
功績,,B1
加える,,B1
加わる,,B1
加入,,B2
加味,,B1
加工,,B2
加減,,B1
加熱,,B1
加速,,B1
加速度,,B1
劣る,,B1
助かる,,B1
助け,,B2
助ける,,B1
助動詞,,B2
助手,,B1
助教授,,B1
助言,,B2
助詞,,B1
努めて,,B2
努める,,B1
努力,,B1
励ます,,B2
励む,,B2
労働,,B1
労力,,B2
効き目,,B2
効く,,B1
効力,,B1
効果,,B1
効率,,B2
勇ましい,,B1
勇敢,,B2
勇気,,B1
勉強,,A1
動かす,,B1
動き,,B2
動く,,A2
動作,,B1
動力,,B2
動向,,B2
動員,,B2
動揺,,B1
動機,,B2
動物,,A1
動物園,,A2
動的,,B2
動詞,,B1
勘,,B1
勘定,,B1
勘弁,,B2
勘違い,,B1
務まる,,B2
務め,,B1
務める,,B1
勝ち,,B1
勝つ,,A2
勝る,,B2
勝利,,B2
勝手,,B2
勝手に,,B1
勝敗,,B1
勝負,,B1
募る,,B2
募金,,B2
募集,,B1
勢い,,B1
勢力,,B2
勤め,,B1
勤める,,A1
勤め先,,B2
勤労,,B2
勤勉,,B2
勤務,,B2
勧める,,B1
勧告,,B2
勧誘,,B2
匂い,,A2
匂う,,B1
包み,,B1
包む,,A2
包丁,,B1
包帯,,B1
包装,,B1
化ける,,B2
化合,,B2
化学,,B1
化石,,B2
化粧,,B1
化繊,,B2
北,,A1
北極,,B1
匙,,B1
匹敵,,B2
区分,,B1
区切り,,B2
区切る,,B1
区別,,B1
区域,,B1
区画,,B2
区間,,B2
医学,,A2
医師,,B1
医療,,B1
医者,,A1
医院,,B1
十,,A1
十分,,A2
十字路,,B2
十日,,A1
千,,A1
午前,,A1
午後,,A1
半,,A1
半ば,,B1
半分,,A1
半島,,B1
半径,,B1
半端,,B2
卑しい,,B2
卑怯,,B1
卒業,,A2
卒直,,B1
協会,,B2
協力,,B1
協定,,B2
協調,,B1
協議,,B1
南,,A1
南北,,B1
南極,,B1
南米,,B1
単なる,,B1
単に,,B1
単一,,B2
単位,,B1
単数,,B1
単独,,B2
単純,,B1
単語,,B1
単調,,B2
博士,,B1
博物館,,B1
占う,,B1
占める,,B1
占領,,B2
印,,B1
印刷,,B1
印象,,B1
印鑑,,B2
危うい,,B1
危ない,,A1
危ぶむ,,B2
危害,,B2
危機,,B2
危険,,A2
即する,,B2
即座に,,B2
却って,,B1
卵,,A1
卸す,,B1
厄介,,B1
厚い,,A1
厚かましい,,B1
原,,B1
原っぱ,,B2
原作,,B2
原典,,B2
原則,,B2
原因,,A2
原型,,B2
原始,,B1
原子,,B2
原形,,B2
原文,,B2
原料,,B1
原書,,B2
原油,,B2
原点,,B2
原爆,,B2
原理,,B1
原産,,B1
原稿,,B1
厳か,,B2
厳しい,,A2
厳密,,B2
厳重,,B1
去る,,B1
去年,,A1
参る,,A2
参上,,B2
参加,,B1
参照,,B2
参考,,B1
参議院,,B2
及び,,B2
及ぶ,,B2
及ぼす,,B1
友,,B1
友人,,B1
友好,,B1
友情,,B1
友達,,A1
双子,,B1
反する,,B2
反る,,B1
反乱,,B2
反対,,A2
反射,,B2
反応,,B2
反感,,B2
反抗,,B1
反撃,,B2
反映,,B1
反発,,B2
反省,,B1
反響,,B2
反～,,B1
収まる,,B2
収める,,B1
収入,,B1
収容,,B2
収支,,B2
収益,,B2
収穫,,B1
収集,,B2
叔母,,B1
叔父,,B1
叔父さん,,B1
取り上げる,,B1
取り付ける,,B2
取り入れる,,B1
取り出す,,B1
取り寄せる,,B2
取り巻く,,B2
取り戻す,,B2
取り扱う,,B2
取り替え,,B2
取り替える,,A2
取り次ぐ,,B2
取り消す,,B1
取り混ぜる,,B2
取り立てる,,B2
取り組む,,B2
取り締まる,,B2
取り調べる,,B2
取り除く,,B2
取る,,A1
取れる,,B1
取引,,B2
取扱,,B2
取材,,B2
取締り,,B2
受かる,,B2
受ける,,A2
受け付ける,,B2
受け入れ,,B2
受け入れる,,B2
受け取る,,B1
受け持つ,,B1
受け止める,,B2
受け継ぐ,,B2
受付,,A2
受取,,B1
受持ち,,B2
受話器,,B1
受身,,B2
受験,,B1
口,,A1
口吟む,,B2
口実,,B1
口紅,,B1
口述,,B2
口頭,,B2
古い,,A1
古代,,B2
古典,,B1
古里,,B1
古～,,B1
句,,B1
句読点,,B1
叩く,,B1
只,,B1
叫び,,B2
叫ぶ,,B1
召し上がる,,A2
召す,,B2
可,,B1
可愛い,,A1
可愛がる,,B1
可愛そう,,B1
可愛らしい,,B1
可決,,B1
可能,,B1
台所,,A1
台本,,B2
台無し,,B2
台詞,,B1
台風,,A2
叱る,,A2
右,,A1
叶う,,B2
叶える,,B2
司る,,B2
司会,,B1
司法,,B2
各々,,B1
各地,,B1
各種,,B2
各自,,B1
各～,,B1
合う,,A2
合わす,,B2
合わせる,,B1
合併,,B2
合同,,B1
合唱,,B2
合図,,B1
合意,,B2
合成,,B2
合格,,B1
合流,,B1
合理,,B1
合致,,B2
合計,,B1
合議,,B2
合間,,B2
吊す,,B1
吊り革,,B2
吊る,,B1
同い年,,B2
同じ,,A1
同一,,B1
同僚,,B1
同士,,B1
同封,,B2
同居,,B2
同志,,B1
同情,,B2
同意,,B2
同感,,B2
同時,,B1
同格,,B1
同様,,B1
同盟,,B2
同等,,B2
同級,,B2
同調,,B2
同～,,B1
名,,B1
名人,,B1
名付ける,,B2
名作,,B1
名刺,,B1
名前,,A1
名字,,B1
名所,,B1
名札,,B2
名残,,B2
名物,,B1
名産,,B2
名称,,B2
名簿,,B2
名詞,,B1
名誉,,B2
名高い,,B2
名～,,B1
吐き気,,B1
吐く,,B1
向かい,,B1
向かう,,A2
向く,,B1
向ける,,B1
向こう,,A1
向上,,B2
君,,A2
君主,,B2
吟味,,B2
吠える,,B1
否,,B1
否定,,B1
否決,,B2
含む,,B1
含める,,B1
吸う,,A1
吸収,,B1
吹く,,A1
吹奏,,B2
吹雪,,B1
呆れる,,B1
呆気ない,,B2
呆然,,B2
告げる,,B2
告白,,B2
呑気,,B1
呟く,,B2
周り,,A2
周囲,,B1
周期,,B2
周辺,,B1
味,,A2
味わい,,B2
味わう,,B1
味噌,,A2
味方,,B1
味覚,,B2
呼び出す,,B1
呼び掛ける,,B1
呼び止める,,B2
呼ぶ,,A1
呼吸,,B1
命,,B1
命じる,,B1
命ずる,,B1
命中,,B2
命令,,B1
和やか,,B2
和らげる,,B2
和文,,B2
和服,,B1
和英,,B1
和～,,B1
咥える,,B1
咲く,,A1
咳,,B1
哀れ,,B1
品,,B1
品物,,A2
品種,,B2
品質,,B2
哲学,,B1
唇,,B1
唯,,B1
唯一,,B1
唱える,,B2
唾,,B2
商人,,B1
商品,,B1
商売,,B1
商店,,B1
商業,,B1
商社,,B1
問い,,B1
問い合わせ,,B1
問い合わせる,,B2
問う,,B1
問屋,,B2
問答,,B1
問題,,A1
善,,B1
善し悪し,,B2
善良,,B2
喉,,A2
喜び,,B1
喜ぶ,,A2
喜劇,,B2
喫茶店,,A1
営む,,B2
営業,,B1
嗅ぐ,,B1
嗜好,,B2
嘆く,,B2
嘗める,,B2
嘘つき,,B2
嘲笑う,,B2
嘴,,B2
噂,,B1
噛み切る,,B2
噛む,,A2
器,,B2
器具,,B1
器官,,B1
器械,,B1
器用,,B1
噴出,,B2
噴水,,B1
噴火,,B1
囁く,,B1
四,,A1
四つ,,A1
四つ角,,B1
四季,,B1
四捨五入,,B1
四日,,A1
四角,,B1
四角い,,B1
回り道,,B1
回る、回す,,A2
回収,,B2
回復,,B1
回数,,B1
回数券,,B1
回答,,B1
回覧,,B2
回路,,B2
回転,,B1
回送,,B2
因る,,B1
団体,,B1
団地,,B1
団扇,,B2
団結,,B2
困る,,A1
困難,,B1
囲む,,B1
図,,B1
図々しい,,B1
図る,,B1
図形,,B1
図書,,B1
図書館,,A1
図表,,B1
図鑑,,B1
固まる,,B1
固める,,B2
固定,,B2
固有,,B2
国,,A1
国交,,B2
国会,,B1
国境,,B1
国定,,B2
国家,,B1
国有,,B2
国民,,B1
国王,,B1
国産,,B2
国立,,B1
国籍,,B1
国語,,B1
国連,,B2
国防,,B2
国際,,A2
園芸,,B1
土,,B1
土俵,,B2
土台,,B2
土地,,B1
土手,,B2
土曜日,,A1
土木,,B2
土産,,B1
圧倒,,B2
圧力,,B2
圧縮,,B1
圧迫,,B2
在る,,A1
在る; 有る,,B1
在学,,B1
在庫,,B2
地,,B1
地下,,B1
地下水,,B1
地下鉄,,A1
地主,,B2
地位,,B1
地元,,B2
地区,,B1
地名,,B1
地味,,B1
地図,,A1
地域,,B1
地帯,,B1
地平線,,B1
地形,,B2
地方,,B1
地点,,B1
地獄,,B2
地球,,B1
地理,,A2
地盤,,B1
地質,,B1
地震,,A2
地面,,B1
坂,,A2
均衡,,B2
坊さん,,B1
坊っちゃん,,B1
坊や,,B1
垂れる,,B2
垂直,,B1
型,,B1
垢,,B2
垣根,,B1
埃,,B1
埋まる,,B1
埋める,,B1
埋め込む,,B2
埋蔵,,B2
城,,B1
城下,,B2
執着,,B2
執筆,,B1
基,,B1
基づく,,B1
基地,,B1
基本,,B1
基準,,B1
基盤,,B1
基礎,,B1
基金,,B2
堀,,B1
堂々,,B2
堅; 硬; 固い,,A2
堅い,,B1
堤防,,B2
堪える,,B1
報じる,,B2
報ずる,,B2
報告,,B1
報道,,B2
報酬,,B2
場,,B1
場合,,A2
場所,,A2
場面,,B1
塀,,B1
塊,,B1
塔,,B1
塗る,,A2
塞がる,,B1
塞ぐ,,B1
塩,,A1
塩辛い,,B1
塵,,B1
塵取り,,B2
塵紙,,B1
塾,,B2
境,,B1
境界,,B1
境遇,,B2
墓,,B1
墓地,,B2
増える,,A2
増す,,B1
増やす,,B1
増加,,B1
増大,,B1
増強,,B2
増減,,B1
増進,,B2
墜落,,B2
墨,,B1
壁,,A2
壊す,,A2
壊れる,,A2
壮大,,B2
声,,A1
声明,,B1
売り出し,,B2
売り出す,,B2
売り切れ,,B1
売り切れる,,B1
売り場,,A2
売る,,A1
売れる,,B1
売上,,B1
売店,,B1
売行き,,B1
売買,,B1
壷,,B2
変,,A2
変える,,A2
変わる,,A2
変動,,B2
変化,,B1
変更,,B1
変遷,,B2
変革,,B2
夏,,A1
夏休み,,A1
夕刊,,B1
夕方,,A1
夕日,,B1
夕暮れ,,B2
夕焼け,,B2
夕立,,B1
夕飯,,A1
外,,A1
外す,,B1
外れる,,B1
外交,,B1
外出,,B1
外国,,A1
外国人,,A1
外方,,B2
外来,,B2
外相,,B2
外科,,B1
外観,,B2
外貨,,B2
外部,,B1
外～,,B1
多い,,A1
多分,,A1
多少,,B1
多忙,,B2
多数決,,B2
多様,,B2
夜,,A1
夜中,,B1
夜具,,B2
夜明け,,B1
夜更け,,B2
夜更し,,B2
夜行,,B1
夜間,,B1
夢,,A2
夢中,,B1
大,,B1
大いに,,B1
大きい,,A1
大きな,,A1
大した,,B1
大して,,B1
大丈夫,,A1
大事,,A2
大人,,A1
大人しい,,B1
大会,,B1
大体,,A2
大使,,B1
大使館,,A1
大便,,B2
大凡,,B1
大分,,A2
大切,,A1
大勢,,A1
大半,,B1
大変,,A1
大好き,,A1
大学,,A1
大学生,,A2
大学院,,B1
大家,,B1
大小,,B1
大層,,B1
大工,,B1
大幅,,B2
大戦,,B1
大抵,,A2
大方,,B2
大木,,B1
大柄,,B2
大概,,B2
大気,,B1
大水,,B2
大空,,B2
大筋,,B2
大統領,,B1
大胆,,B2
大臣,,B1
大衆,,B2
大通り,,B1
大部,,B2
大部分,,B1
大金,,B2
大陸,,B1
天,,B2
天下,,B2
天体,,B2
天候,,B1
天国,,B2
天地,,B2
天才,,B2
天気,,A1
天気予報,,A2
天災,,B2
天然,,B1
天皇,,B1
太い,,A1
太る,,A2
太陽,,B1
太鼓,,B1
夫,,A2
夫人,,B1
夫妻,,B1
夫婦,,B1
失う,,B1
失恋,,B1
失敗,,A2
失望,,B1
失格,,B2
失業,,B1
失礼,,A2
失脚,,B2
失調,,B2
奇妙,,B1
奉る,,B2
奉仕,,B2
契機,,B1
契約,,B1
奥,,B1
奥さん,,A1
奨励,,B2
奨学金,,B1
奪う,,B1
奮闘,,B2
女,,A1
女の人,,B1
女の子,,A1
女優,,B1
女史,,B1
女子,,B1
女性,,A2
女房,,B1
女王,,B1
女～,,B1
奴,,B2
好き,,A1
好き好き,,B1
好き嫌い,,B1
好ましい,,B2
好み,,B1
好む,,B1
好意,,B2
好況,,B2
好評,,B2
好調,,B2
妊娠,,B2
妙,,B1
妥協,,B2
妥当,,B1
妥結,,B2
妨げる,,B1
妨害,,B2
妬む,,B2
妹,,A1
妻,,A2
姉,,A1
姉妹,,B1
始まり,,B1
始まる,,A1
始めに,,B1
始める,,A2
始末,,B2
始発,,B2
始終,,B1
姓,,B1
姓名,,B1
委員,,B1
委託,,B2
姪,,B1
姿,,B1
姿勢,,B1
威力,,B2
威張る,,B1
娘,,A2
娯楽,,B1
婉曲,,B2
婚約,,B1
婦人,,B1
婿,,B2
嫁,,B1
嫉妬,,B2
嫌,,A1
嫌々,,B2
嫌い,,A1
嫌う,,B1
嫌がる,,B1
子,,A2
子供,,A1
子孫,,B1
子息,,B2
字,,A2
字体,,B1
字引,,A1
存じる,,B1
存ずる,,B1
存在,,B1
存続,,B2
孝行,,B1
季刊,,B1
季節,,A2
孤児,,B2
孤独,,B2
孤立,,B2
学,,B1
学ぶ,,B1
学会,,B1
学力,,B1
学問,,B1
学士,,B2
学年,,B1
学期,,B1
学校,,A1
学歴,,B1
学生,,A1
学科,,B1
学級,,B1
学習,,B1
学者,,B1
学芸,,B2
学術,,B1
学説,,B2
孫,,B1
宅,,B1
宇宙,,B1
守る,,B1
守備,,B2
守衛,,B2
安い,,A1
安っぽい,,B2
安全,,A2
安定,,B1
安心,,A2
安易,,B1
安静,,B2
完ぺき,,B2
完了,,B1
完全,,B1
完成,,B1
宗教,,B1
官僚,,B1
官庁,,B1
宙返り,,B2
定まる,,B2
定める,,B2
定休日,,B1
定価,,B1
定員,,B1
定年,,B2
定期,,B1
定期券,,B1
定義,,B2
定規,,B1
定食,,B2
宛てる,,B1
宛名,,B1
宝,,B1
宝石,,B1
実,,B1
実に,,B1
実は,,B1
実る,,B1
実例,,B1
実力,,B1
実家,,B2
実感,,B1
実態,,B2
実施,,B1
実業家,,B2
実物,,B1
実現,,B1
実用,,B1
実績,,B1
実習,,B1
実行,,B1
実費,,B2
実践,,B2
実際,,B1
実験,,B1
客,,A2
客席,,B1
客観,,B2
客間,,B1
宣伝,,B1
宣教,,B2
宣言,,B2
室～,,B1
宮殿,,B2
害,,B1
害する,,B2
宴会,,B1
家,,A1
家主,,B1
家事,,B1
家具,,B1
家内,,A2
家出,,B2
家屋,,B1
家庭,,A1
家族,,A1
家来,,B2
家畜,,B2
家計,,B2
家賃,,B1
容器,,B1
容易,,B1
容積,,B1
宿,,B1
宿命,,B2
宿泊,,B1
宿題,,A1
寂しい,,A2
寄せる,,B1
寄り掛かる,,B2
寄る,,A2
寄与,,B2
寄付,,B1
寄贈,,B2
密,,B1
密か,,B2
密度,,B2
密接,,B2
密集,,B2
富,,B2
富む,,B2
富豪,,B2
寒い,,A1
寒帯,,B1
寒気,,B2
寛容,,B2
寝かせる,,B2
寝る,,A1
寝台,,B1
寝坊,,A2
寝巻,,B1
寝間着,,B1
察する,,B2
寧ろ,,B1
審判,,B1
審査,,B2
審議,,B2
寮,,B1
寸法,,B1
寺,,A2
寺院,,B1
対,,B1
対する,,B1
対処,,B2
対応,,B2
対抗,,B2
対比,,B2
対決,,B2
対照,,B1
対立,,B1
対等,,B2
対策,,B1
対話,,B2
対談,,B2
対象,,B1
対面,,B2
寿命,,B1
封,,B2
封建,,B2
封筒,,A1
封鎖,,B2
専ら,,B2
専修,,B2
専制,,B1
専攻,,B1
専用,,B2
専門,,A2
射す,,B1
将来,,A2
将棋,,B1
尊い,,B2
尊ぶ,,B2
尊敬,,B1
尊重,,B1
尋ねる,,A2
導く,,B2
導入,,B2
小,,B1
小さい,,A1
小さな,,A1
小便,,B1
小児科,,B2
小切手,,B2
小包,,B1
小売,,B2
小学校,,A2
小学生,,B1
小屋,,B1
小指,,B1
小数,,B1
小柄,,B2
小母さん,,B1
小父さん,,B1
小説,,A2
小遣い,,B1
小銭,,B1
小鳥,,A2
小麦,,B1
小～,,B1
少々,,B1
少し,,A1
少しも,,B1
少ない,,A1
少女,,B1
少年,,B1
尖る,,B1
尤も,,B1
就く,,B1
就任,,B1
就業,,B2
就職,,B1
尻,,B1
尽きる,,B2
尽くす,,B2
尾,,B1
尿,,B2
局,,B1
局限,,B2
居る,,A1
居住,,B2
居眠り,,B1
居間,,B1
屈折,,B2
届,,B2
届く,,B1
届ける,,A2
屋上,,A2
屋外,,B1
屋敷,,B2
屋根,,B1
屎尿,,B2
屑,,B1
展望,,B2
展示,,B2
展覧会,,A2
展開,,B1
属する,,B1
履歴,,B2
山,,A1
山岳,,B2
山林,,B1
山脈,,B2
山腹,,B2
岩,,B1
岩石,,B2
岬,,B1
岸,,B1
峠,,B1
峰,,B2
島,,A2
崇拝,,B2
崖,,B2
崩す,,B1
崩れる,,B1
崩壊,,B2
嵐,,B1
川; 河,,A1
州,,B1
巡る,,B1
巡査,,B1
巣,,B1
工事,,B1
工作,,B2
工員,,B1
工場,,A2
工夫,,B1
工学,,B2
工業,,A2
工芸,,B1
左,,A1
左利き,,B2
左右,,B1
巧み,,B2
巧妙,,B2
巨大,,B1
差,,B1
差し上げる,,A2
差し出す,,B2
差し引き,,B1
差し掛かる,,B2
差し支え,,B1
差し支える,,B2
差す,,A1
差別,,B1
差額,,B2
巻く,,B1
市,,A2
市場,,B1
市民,,A2
布,,B1
布告,,B2
布団,,A2
布巾,,B2
希望,,B1
席,,A2
帯,,B1
帯びる,,B2
帰す,,B1
帰り,,A2
帰る,,A1
帰京,,B2
帰宅,,B1
常に,,B1
常識,,B1
帽子,,A1
幅,,B1
幕,,B1
干し物,,B2
干し～,,B2
干す,,B1
干渉,,B2
平たい,,B2
平ら,,B1
平仮名,,A1
平凡,,B1
平和,,B1
平均,,B1
平常,,B2
平方,,B2
平日,,B1
平気,,B1
平等,,B1
平野,,B1
年,,A1
年中,,B1
年代,,B1
年号,,B2
年寄,,B1
年度,,B1
年月,,B1
年賀,,B2
年輪,,B2
年鑑,,B1
年長,,B2
年間,,B1
年頃,,B2
年齢,,B1
幸い,,B1
幸せ,,B1
幸福,,B1
幸運,,B1
幹,,B2
幹線,,B2
幹部,,B2
幼い,,B1
幼児,,B1
幼稚,,B1
幼稚園,,B1
幽霊,,B2
幾分,,B1
幾多,,B2
幾～,,B1
広々,,B1
広い,,A1
広がる,,B1
広げる,,B1
広さ,,B1
広まる,,B1
広める,,B1
広告,,B1
広場,,B1
庇う,,B2
床,,B1
床の間,,B1
床屋,,A2
底,,B1
店,,A1
店員,,A2
店屋,,B1
度,,B1
度忘れ,,B2
座る,,A1
座布団,,B1
座席,,B1
座敷,,B1
座標,,B2
座談会,,B2
庭,,A1
庶務,,B2
庶民,,B2
廃棄,,B2
廃止,,B2
廊下,,A1
延ばす,,B1
延びる,,B1
延べ,,B2
延期,,B1
延長,,B1
建つ,,B1
建て,,A2
建てる,,A2
建前,,B2
建物,,A1
建築,,B1
建設,,B1
弁償,,B2
弁当,,B1
弁解,,B2
弁論,,B2
弁護,,B2
式場,,B2
弓,,B2
引きずる,,B2
引き上げる,,B2
引き出し,,A2
引き出す,,B1
引き止める,,B1
引き起こす,,B2
引き返す,,B1
引く,,A1
引っ張る,,B1
引っ掛かる,,B1
引っ掻く,,B2
引っ繰り返す,,B1
引っ繰り返る,,B1
引っ越す,,A2
引っ込む,,B1
引下げる,,B2
引分け,,B1
引力,,B1
引取る,,B2
引受る,,B1
引用,,B1
引算,,B1
引越し,,B1
引退,,B1
弛み,,B2
弛む,,B2
弟,,A1
弟子,,B1
弱,,B2
弱い,,A1
弱まる,,B1
弱める,,B1
弱る,,B2
弱点,,B1
張り切る,,B1
張り紙,,B2
強,,B2
強い,,A1
強いて,,B2
強いる,,B2
強まる,,B1
強める,,B1
強制,,B2
強力,,B1
強化,,B1
強引,,B1
強気,,B1
強烈,,B2
強盗,,B1
強硬,,B2
強行,,B2
強調,,B1
弾,,B1
弾く,,A1
弾む,,B2
弾力,,B2
当たり前,,B1
当たる,,B1
当て,,B2
当てはまる,,B1
当てはめる,,B1
当てる,,B1
当て字,,B2
当り,,B1
当人,,B2
当日,,B1
当時,,B1
当然,,B1
当番,,B1
当選,,B2
当～,,B2
形,,A2
形勢,,B2
形容動詞,,B1
形容詞,,B1
形式,,B1
形態,,B1
形成,,B2
彫る,,B1
彫刻,,B1
影,,B1
影響,,B1
役,,B1
役に立つ,,A2
役人,,B1
役割,,B1
役場,,B2
役所,,B1
役目,,B1
役者,,B1
役職,,B2
彼,,A2
彼ら,,A2
彼女,,A2
往復,,B1
往診,,B2
征服,,B2
待ち合わせ,,B2
待ち合わせる,,B1
待ち望む,,B2
待ち遠しい,,B2
待つ,,A1
待合室,,B1
待望,,B2
待遇,,B2
後,,A1
後ろ,,A1
後回し,,B2
後悔,,B1
後者,,B1
後輩,,B1
後退,,B2
徐々に,,B1
徐行,,B2
徒歩,,B2
従う,,B1
従事,,B2
従兄弟,,B1
従姉妹,,B1
従来,,B2
従業員,,B2
得る,,B1
得意,,B1
得点,,B2
御世辞,,B2
御中,,B1
御免,,B1
御無沙汰,,B1
御覧,,B1
御飯,,A1
御～,,A2
復旧,,B2
復活,,B2
復習,,A2
復興,,B2
循環,,B1
微か,,B2
微塵,,B2
微妙,,B1
微笑,,B2
微笑む,,B1
微量,,B2
徴収,,B2
徹する,,B2
徹夜,,B1
徹底,,B1
心,,A2
心中,,B2
心地,,B2
心強い,,B2
心当たり,,B1
心得,,B2
心得る,,B1
心情,,B2
心掛け,,B2
心掛ける,,B2
心理,,B1
心細い,,B2
心臓,,B1
心身,,B1
心配,,A2
必ず,,A2
必ずしも,,B1
必修,,B2
必死,,B1
必然,,B2
必要,,A2
必需品,,B1
志,,B2
志す,,B2
志向,,B2
志望,,B1
忘れる,,A1
忘れ物,,A2
忙しい,,A1
応じる,,B1
応ずる,,B1
応募,,B2
応対,,B1
応急,,B2
応接,,B1
応援,,B1
応用,,B1
忠告,,B2
快い,,B2
快晴,,B1
快適,,B1
念,,B2
念願,,B2
怒り,,B1
怒る,,A2
怒鳴る,,B1
怖い,,A2
思いっ切り,,B1
思い付き,,B2
思い付く,,B1
思い出,,B1
思い出す,,A2
思い切り,,B1
思い掛けない,,B1
思い込む,,B1
思う,,A2
思わず,,B1
思想,,B1
思考,,B2
怠ける,,B1
怠る,,B1
怠慢,,B2
急,,A2
急かす,,B2
急ぐ,,A2
急に,,B1
急激,,B1
急行,,A2
急速,,B1
性,,B1
性別,,B1
性格,,B1
性能,,B1
性質,,B1
怪しい,,B1
怪獣,,B2
怯える,,B2
恋,,B1
恋しい,,B1
恋する,,B2
恋人,,B1
恋愛,,B2
恐らく,,B1
恐れ,,B2
恐れる,,B1
恐れ入る,,B2
恐ろしい,,B1
恐怖,,B1
恐縮,,B1
恥,,B2
恥じらう,,B2
恥じる,,B2
恥ずかしい,,A2
恨み,,B1
恨む,,B1
恩,,B1
恩恵,,B1
息,,B1
息子,,A2
恵まれる,,B1
恵み,,B2
恵む,,B2
悔しい,,B1
悔やむ,,B1
悟る,,B2
悠々,,B1
患者,,B1
悩ましい,,B2
悩ます,,B2
悩み,,B2
悩む,,B1
悪,,B1
悪い,,A1
悪しからず,,B2
悪化,,B2
悪口,,B1
悪者,,B2
悪魔,,B1
悲しい,,A2
悲しむ,,B1
悲劇,,B1
悲惨,,B2
悲観,,B2
悲鳴,,B2
情,,B1
情け,,B2
情勢,,B2
情報,,B1
情深い,,B2
情無い,,B2
情熱,,B2
情緒,,B2
惑星,,B2
惚ける,,B2
惜しい,,B1
惜しむ,,B2
想像,,B1
愉快,,B1
意,,B1
意向,,B2
意味,,A1
意図,,B2
意地,,B1
意地悪,,B1
意外,,B1
意志,,B1
意思,,B1
意欲,,B2
意気込む,,B2
意義,,B1
意見,,A2
意識,,B1
愚か,,B2
愚痴,,B2
愛,,B1
愛する,,B1
愛情,,B1
愛想,,B2
感じ,,B1
感じる,,B1
感ずる,,B1
感動,,B1
感度,,B2
感心,,B1
感情,,B1
感想,,B1
感染,,B2
感激,,B1
感無量,,B2
感覚,,B1
感触,,B2
感謝,,B1
態勢,,B2
態度,,B1
慌ただしい,,B1
慌てる,,B1
慎重,,B1
慕う,,B2
慣らす,,B1
慣れ,,B2
慣れる,,A2
慣例,,B2
慣習,,B2
慣行,,B1
慰める,,B1
慶ぶ,,B1
憂鬱,,B2
憎い,,B1
憎しみ,,B2
憎む,,B1
憎らしい,,B1
憤慨,,B2
憧れ,,B2
憧れる,,B1
憲法,,B1
懐かしい,,B1
懐く,,B2
懲りる,,B2
懸命,,B1
懸賞,,B2
成り立つ,,B2
成人,,B1
成分,,B1
成功,,B1
成年,,B1
成果,,B2
成熟,,B2
成立,,B1
成績,,B1
成育,,B2
成長,,B1
我,,B2
我々,,B1
我慢,,B1
我～,,B1
或,,B1
戦い,,B1
戦う,,B1
戦争,,A2
戦力,,B2
戦災,,B2
戦術,,B2
戦闘,,B2
戯曲,,B2
戸,,A1
戸棚,,B1
戸籍,,B2
戸締り,,B2
戻す,,B1
戻る,,A2
所,,A1
所々,,B1
所在,,B2
所定,,B2
所属,,B2
所得,,B2
所持,,B2
所有,,B2
所為,,B1
扇ぐ,,B1
扇子,,B1
扇風機,,B1
扉,,B2
手,,A1
手伝い,,B1
手伝う,,A2
手元,,B2
手入れ,,B1
手分け,,B2
手前,,B1
手品,,B1
手回し,,B2
手帳,,B1
手引,,B2
手当,,B2
手拭い,,B1
手掛かり,,B2
手掛ける,,B2
手数,,B2
手本,,B2
手段,,B1
手法,,B2
手洗い,,B1
手筈,,B2
手紙,,A1
手続き,,B1
手芸,,B2
手術,,B1
手袋,,A2
手軽,,B2
手近,,B2
手遅れ,,B2
手配,,B2
手錠,,B2
手間,,B1
手際,,B2
手頃,,B1
手順,,B2
手首,,B1
才能,,B1
打ち切る,,B2
打ち明ける,,B2
打ち消し,,B2
打ち消す,,B1
打ち込む,,B2
打つ,,A2
打合せ,,B1
打撃,,B2
打開,,B2
払い戻す,,B1
払い込む,,B1
払う,,A2
扱い,,B2
扱う,,B1
扶養,,B2
批判,,B1
批評,,B1
承る,,B1
承知,,A2
承認,,B1
承諾,,B2
技,,B2
技師,,B1
技能,,B2
技術,,A2
把握,,B2
抑制,,B2
抑圧,,B2
投げる,,A2
投げ出す,,B2
投入,,B2
投書,,B1
投票,,B1
投資,,B2
抗争,,B2
抗議,,B2
折,,B2
折り返す,,B2
折る,,A2
折れる,,A2
折衷,,B2
折角,,B1
抜かす,,B2
抜く,,B1
抜ける,,B1
抜け出す,,B2
抱える,,B1
抱く,,B1
抱っこ,,B2
抵抗,,B1
押える,,B1
押し入れ,,A2
押し切る,,B2
押し寄せる,,B2
押し込む,,B2
押す,,A1
抽象,,B1
抽選,,B2
担う,,B2
担ぐ,,B1
担当,,B1
担架,,B2
拍手,,B1
拒否,,B2
拒絶,,B2
拘束,,B1
招き,,B2
招く,,B1
招待,,A2
拝む,,B1
拝借,,B2
拝啓,,B2
拝見,,A2
拡充,,B1
拡大,,B1
拡張,,B1
拡散,,B2
括弧,,B1
拭く,,B1
拾う,,A2
持ち上げる,,B1
持ち切り,,B2
持つ,,A1
持参,,B1
持続,,B2
指,,A2
指す,,B1
指令,,B2
指図,,B2
指定,,B1
指導,,B1
指差す,,B2
指揮,,B1
指摘,,B2
指輪,,A2
挑む,,B2
挑戦,,B1
挙げる,,B1
挟まる,,B1
挟む,,B1
振り,,B1
振り仮名,,B1
振り出し,,B2
振り向く,,B1
振り返る,,B2
振る,,B1
振動,,B2
振興,,B1
振舞う,,B1
挿す,,B1
捕える,,B1
捕まえる,,A2
捕まる,,B1
捕る,,B1
捕獲,,B2
捕虜,,B2
捕鯨,,B2
捗る,,B2
捜す,,B1
捜査,,B1
捜索,,B2
捧げる,,B2
捨てる,,A2
捩る,,B1
捩れる,,B2
据える,,B2
据え付ける,,B2
捲る,,B1
捻る,,B1
掃く,,B1
掃除,,A1
授ける,,B2
授業,,A1
掌,,B2
排水,,B2
排除,,B2
掘る,,B1
掛ける,,A1
掛け算,,B1
掛～,,B2
採る,,B1
採択,,B2
採掘,,B2
採決,,B2
採点,,B1
採用,,B2
採算,,B2
採集,,B1
探す,,A2
探る,,B1
探検,,B2
接ぐ,,B1
接する,,B1
接続,,B1
接続詞,,B2
接触,,B2
接近,,B1
控える,,B2
控室,,B2
控除,,B2
推定,,B1
推測,,B2
推理,,B2
推薦,,B1
推進,,B2
措置,,B2
掲げる,,B2
掲示,,B1
掲載,,B2
掴む,,B1
掻き回す,,B2
掻く,,B1
揃い,,B2
揃う,,B1
揃える,,B1
揉む,,B1
描く,,B1
描写,,B2
提供,,B2
提出,,B1
提携,,B2
提案,,B1
提示,,B2
揚げる,,B1
換える,,B1
換気,,B1
換算,,B2
握る,,B1
握手,,B1
援助,,B1
揺さぶる,,B2
揺らぐ,,B2
揺れる,,A2
損,,B1
損う,,B2
損失,,B2
損害,,B1
損得,,B1
携わる,,B2
携帯,,B1
摘む,,B1
摩する,,B2
摩擦,,B1
撃つ,,B1
撒く,,B1
撫でる,,B1
撮る,,A1
撮影,,B1
操る,,B2
操作,,B1
操縦,,B1
擦る,,B1
擦れる,,B2
支える,,B1
支出,,B1
支店,,B1
支度,,A2
支払,,B1
支払う,,B1
支持,,B2
支給,,B1
支配,,B1
改まる,,B2
改めて,,B1
改める,,B1
改修,,B2
改善,,B1
改定,,B2
改悪,,B2
改札,,B1
改正,,B1
改良,,B2
改訂,,B2
改造,,B1
改革,,B2
攻め,,B2
攻める,,B1
攻撃,,B1
放す,,B1
放り出す,,B2
放り込む,,B2
放る,,B1
放れる,,B1
放出,,B2
放射,,B2
放射能,,B2
放置,,B2
放送,,A2
政党,,B1
政府,,B1
政権,,B2
政治,,A2
政策,,B2
故,,B2
故人,,B1
故郷,,B1
故障,,A2
故～,,B2
敏感,,B2
救い,,B2
救う,,B1
救助,,B1
救援,,B2
救済,,B2
敗北,,B2
敗戦,,B2
教え,,B1
教える,,A1
教わる,,B1
教会,,A2
教室,,A1
教授,,B1
教材,,B2
教科,,B2
教科書,,B1
教習,,B2
教職,,B2
教育,,A2
教訓,,B2
教養,,B1
敢えて,,B2
散らかす,,B1
散らかる,,B1
散らす,,B1
散る,,B1
散歩,,A1
敬う,,B1
敬具,,B2
敬意,,B1
敬語,,B1
数,,B1
数える,,B1
数字,,B1
数学,,A2
数詞,,B2
整う,,B1
整える,,B2
整備,,B1
整列,,B2
整数,,B1
整然,,B2
整理,,B1
敵,,B1
敷く,,B1
敷地,,B1
文,,B1
文体,,B1
文化,,A2
文化財,,B2
文句,,B1
文字,,B1
文学,,A2
文房具,,B1
文明,,B1
文書,,B2
文法,,A2
文献,,B1
文章,,A1
文脈,,B1
文芸,,B1
文語,,B2
斑,,B2
料理,,A1
料金,,B1
斜,,B1
斜め,,B1
斜面,,B2
斡旋,,B2
斬る,,B1
断える,,B2
断つ,,B1
断る,,B1
断定,,B1
断水,,B1
断然,,B2
断言,,B2
断面,,B2
新しい,,A1
新た,,B1
新人,,B2
新入生,,B2
新婚,,B2
新幹線,,B1
新築,,B2
新聞,,A1
新聞社,,A2
新興,,B1
新鮮,,B1
方,,A1
方々,,B1
方向,,B1
方式,,B2
方法,,B1
方程式,,B1
方策,,B2
方角,,B1
方言,,B1
方針,,B1
方面,,B1
於いて,,B2
施す,,B2
施行,,B2
施設,,B2
旅,,B1
旅券,,B2
旅客,,B2
旅行,,A1
旅館,,A2
旗,,B1
既に,,B1
既婚,,B2
日,,A2
日の丸,,B2
日の入り,,B1
日の出,,B1
日中,,B1
日付,,B1
日光,,B1
日取り,,B2
日向,,B2
日夜,,B2
日帰り,,B1
日常,,B1
日当たり,,B1
日日,,B1
日時,,B1
日曜日,,A1
日本,,B1
日焼け,,B2
日用品,,B1
日程,,B1
日記,,A2
日課,,B1
日陰,,B1
日頃,,B2
旦那,,B2
旧,,B1
旧知,,B2
早い,,A1
早める,,B2
早口,,B1
早急,,B2
早速,,B1
昆虫,,B2
昇る,,B1
昇進,,B2
明かす,,B2
明かり,,B1
明くる～,,B1
明ける,,B1
明け方,,B1
明らか,,B1
明るい,,A1
明後日,,A1
明日,,A1
明明後日,,B1
明朗,,B2
明白,,B2
明瞭,,B2
明確,,B1
易しい,,A1
昔,,A2
星,,A2
星座,,B2
映える,,B1
映す,,B1
映る,,B1
映像,,B2
映写,,B2
映画,,A1
映画館,,A1
春,,A1
昨,,B1
昨夜,,A1
昨日,,A1
是正,,B2
是非,,A2
昼,,A1
昼休み,,A2
昼寝,,B1
昼御飯,,A1
昼間,,A2
昼食,,B1
昼飯,,B2
時々,,A1
時代,,A2
時刻,,B1
時刻表,,B2
時差,,B2
時折,,B2
時期,,B1
時計,,A1
時速,,B1
時間,,A1
時間割,,B1
晩,,A1
晩年,,B2
晩御飯,,A1
普及,,B1
普段,,B1
普通,,A2
普遍,,B2
景気,,B1
景色,,A2
晴れ,,A1
晴れる,,A1
晴天,,B2
暇,,A1
暑い,,A1
暖かい,,A1
暖まる,,B1
暖める,,B1
暖房,,A2
暗い,,A1
暗殺,,B2
暗示,,B2
暗算,,B2
暗記,,B1
暦,,B2
暮らし,,B1
暮らす,,B1
暮れ,,B1
暮れる,,A2
暴れる,,B1
暴力,,B2
暴動,,B2
暴露,,B2
暴風,,B2
曇り,,A1
曇る,,A1
曜日,,B1
曲げる,,B1
曲る,,A1
曲線,,B1
更ける,,B1
更に,,B1
書き取る,,B2
書く,,A1
書取,,B1
書店,,B1
書斎,,B1
書物,,B1
書留,,B1
書籍,,B1
書評,,B2
書道,,B1
書類,,B1
替える,,B1
最も,,A2
最中,,B1
最低,,B1
最初,,A2
最善,,B2
最後,,A2
最終,,B1
最近,,A2
最高,,B1
最～,,B1
月,,A2
月並,,B2
月日,,B1
月曜日,,A1
月末,,B1
月給,,B1
月謝,,B2
月賦,,B2
有する,,B2
有り様,,B2
有る,,A1
有利,,B1
有力,,B2
有効,,B1
有名,,A1
有料,,B1
有望,,B2
有機,,B1
有無,,B1
有益,,B2
有能,,B1
有難い,,B1
服,,A1
服装,,B1
朗らか,,B1
朗読,,B2
望ましい,,B2
望み,,B1
望む,,B1
望遠鏡,,B1
朝,,A1
朝寝坊,,B1
朝御飯,,A1
期待,,B1
期日,,B2
期末,,B2
期間,,B1
期限,,B1
木,,A1
木曜日,,A1
木材,,B1
木綿,,A2
未だ,,B2
未婚,,B2
未定,,B2
未来,,B1
未満,,B1
未熟,,B2
未知,,B2
未練,,B2
未開,,B2
未～,,B1
末,,B1
末っ子,,B1
末期,,B2
本,,A1
本人,,B1
本体,,B2
本名,,B2
本国,,B2
本場,,B2
本当,,A1
本文,,B2
本来,,B1
本格,,B2
本棚,,A1
本気,,B2
本物,,B1
本能,,B2
本質,,B2
本部,,B1
本音,,B2
本館,,B2
札,,B1
机,,A1
朽ちる,,B2
杉,,B1
材料,,B1
材木,,B1
村,,A1
杖,,B2
束,,B1
束ねる,,B2
束縛,,B2
条件,,B1
条約,,B2
来,,B1
来る,,A1
来場,,B2
来年,,A1
来日,,B1
来月,,A1
来週,,A1
杯,,B2
東,,A1
東洋,,B1
東西,,B1
松,,B1
板,,B1
枕,,B1
林,,A2
林業,,B2
枚数,,B1
果して,,B1
果たす,,B2
果て,,B2
果てる,,B2
果実,,B1
果物,,A1
枝,,A2
枠,,B1
枯れる,,B1
架空,,B1
柄,,B1
染まる,,B2
染みる,,B2
染める,,B2
柔らかい,,A2
柔軟,,B2
柔道,,A2
柵,,B1
栄える,,B2
栄養,,B1
栓,,B1
校庭,,B1
校舎,,B1
校長,,A2
株,,B1
株式,,B2
核,,B1
根,,B1
根回し,,B2
根底,,B2
根拠,,B2
根本,,B2
根気,,B2
格,,B1
格別,,B1
格差,,B2
栽培,,B2
桁,,B1
案,,B1
案じる,,B2
案の定,,B2
案内,,A2
案外,,B1
桜,,B1
桟橋,,B2
梅,,B1
梅干し,,B2
梅雨,,B1
梢,,B2
梯子,,B1
棄権,,B2
棒,,B1
棚,,A2
棟,,B1
森,,A2
森林,,B1
椀,,B1
椅子,,A1
植える,,A2
植わる,,B2
植木,,B1
植民地,,B2
植物,,B1
検事,,B2
検査,,B1
検討,,B1
楕円,,B1
業務,,B2
業績,,B2
業者,,B2
極,,B1
極めて,,B2
極楽,,B2
極端,,B2
楽,,B1
楽しい,,A1
楽しみ,,A2
楽む,,A2
楽器,,B1
楽観,,B2
楽譜,,B2
概念,,B2
概略,,B2
概説,,B2
概論,,B1
構いません,,B1
構える,,B2
構想,,B2
構成,,B1
構造,,B1
様,,A2
様々,,B1
様子,,B1
様式,,B2
様相,,B2
標本,,B1
標準,,B1
標語,,B2
標識,,B1
模倣,,B2
模型,,B2
模様,,B1
模範,,B2
模索,,B2
権利,,B1
権力,,B2
権威,,B2
権限,,B2
横,,A1
横切る,,B1
横断,,B1
横綱,,B2
樹木,,B2
樹立,,B2
橋,,A1
橋渡し,,B2
機会,,A2
機嫌,,B1
機械,,B1
機構,,B1
機能,,B1
機関,,B1
機関車,,B1
檻,,B2
櫛,,B1
欄,,B1
欠く,,B1
欠ける,,B1
欠乏,,B2
欠席,,B1
欠点,,B1
欠陥,,B1
次,,A1
次々,,B1
次ぐ,,B1
次第,,B1
欧米,,B1
欲,,B2
欲しい,,A1
欲張り,,B1
欲望,,B2
欲深い,,B2
欺く,,B2
歌,,A1
歌う,,A1
歌手,,B1
歌謡,,B1
歓声,,B1
歓迎,,B1
止す,,B1
止まる,,A1
止む,,A2
止める,,A2
正,,B1
正しい,,A2
正体,,B1
正午,,B1
正味,,B1
正常,,B2
正式,,B1
正当,,B2
正方形,,B1
正月,,A2
正直,,B1
正確,,B1
正義,,B2
正規,,B1
正解,,B2
正門,,B1
正面,,B1
武力,,B2
武器,,B1
武士,,B1
武装,,B2
歩く,,A1
歩み,,B2
歩む,,B2
歩道,,B1
歪む,,B2
歯,,A1
歯医者,,A2
歯磨き,,B1
歯科,,B2
歯車,,B1
歴史,,A2
死,,B1
死ぬ,,A1
死亡,,B1
死体,,B1
死刑,,B2
殊に,,B2
残す,,B1
残らず,,B1
残り,,B1
残る,,A2
残念,,A2
残酷,,B2
残金,,B2
残高,,B2
殖やす,,B1
殴る,,B1
段,,B1
段々,,A1
段階,,B1
殺す,,B1
殺人,,B2
殻,,B1
殿,,B1
殿様,,B2
母,,A1
母国,,B2
母校,,B2
母親,,B1
毎年,,A1
毎度,,B1
毎日,,A1
毎晩,,A1
毎月,,A1
毎朝,,A1
毎週,,A1
毎～,,B1
毒,,B1
比べる,,A2
比例,,B2
比率,,B2
比較,,B1
比較的,,B1
比重,,B2
毛,,A2
毛布,,B1
毛皮,,B1
毛糸,,B1
氏,,B1
氏名,,B1
民主～,,B1
民俗,,B2
民宿,,B2
民族,,B2
民謡,,B1
民間,,B1
気,,A2
気に入る,,B1
気の毒,,B1
気まぐれ,,B2
気を付ける,,B1
気付く,,B1
気体,,B1
気候,,B1
気兼ね,,B2
気分,,A2
気味,,B1
気品,,B2
気圧,,B1
気持ち,,A2
気流,,B2
気温,,B1
気立て,,B2
気象,,B2
気質,,B2
気軽,,B2
気配,,B1
気障,,B2
気風,,B2
水,,A1
水分,,B1
水平,,B1
水平線,,B1
水曜日,,A1
水気,,B2
水泳,,A2
水洗,,B1
水源,,B2
水準,,B1
水滴,,B1
水産,,B1
水田,,B2
水着,,B1
水筒,,B1
水素,,B1
水蒸気,,B1
水道,,A2
水面,,B1
氷,,B1
永久,,B1
永遠,,B1
氾濫,,B2
汁,,B1
求める,,B1
汗,,B1
汚い,,A1
汚す,,B1
汚れ,,B2
汚れる,,A2
汚染,,B1
池,,A1
汲む,,B1
決,,B2
決して,,A2
決まり,,B1
決まる,,A2
決める,,A2
決勝,,B2
決定,,B1
決心,,B1
決意,,B2
決断,,B2
決算,,B2
決行,,B1
決議,,B2
汽船,,B2
汽車,,A2
沈む,,B1
沈める,,B2
沈殿,,B2
沈没,,B2
沈黙,,B2
沖,,B1
没収,,B2
没落,,B2
沢山,,A1
河,,B1
河川,,B2
沸かす,,A2
沸く,,A2
沸騰,,B2
油,,B1
油断,,B1
油絵,,B2
治まる,,B2
治める,,B1
治る,,A2
治安,,B2
治療,,B1
沼,,B2
沿う,,B1
沿岸,,B2
沿線,,B2
泉,,B1
泊まる,,A2
泊める,,B1
法,,B1
法則,,B1
法学,,B2
法廷,,B2
法律,,A2
法案,,B2
泡,,B1
波,,B1
泣く,,A2
泥,,B1
泥棒,,A2
注,,B1
注ぐ,,B1
注す,,B1
注射,,A2
注意,,A2
注文,,B1
注目,,B1
泳ぎ,,B1
泳ぐ,,A1
洋品店,,B1
洋服,,A1
洋風,,B2
洒落,,B1
洒落る,,B2
洗う,,A1
洗剤,,B1
洗濯,,A1
洗面,,B1
津波,,B2
洪水,,B2
活力,,B1
活動,,B1
活字,,B1
活気,,B1
活用,,B1
活発,,B2
活躍,,B1
派手,,B1
派遣,,B2
流し,,B2
流す,,B1
流れ,,B1
流れる,,B1
流域,,B1
流石,,B1
流行,,B1
流行る,,B1
流通,,B2
浅い,,A2
浅ましい,,B2
浜,,B2
浜辺,,B2
浪費,,B2
浮かべる,,B1
浮く,,B1
浮ぶ,,B1
浮力,,B2
浮気,,B2
浴びる,,A1
浴室,,B2
浴衣,,B1
海,,A1
海外,,B1
海岸,,A2
海峡,,B2
海抜,,B2
海水浴,,B1
海洋,,B1
海流,,B2
海路,,B2
海運,,B2
浸す,,B2
消える,,A1
消しゴム,,A2
消す,,A1
消化,,B1
消去,,B2
消息,,B2
消極的,,B1
消毒,,B1
消耗,,B1
消費,,B1
消防,,B1
消防署,,B1
涙,,B1
液,,B2
液体,,B1
涼しい,,A1
涼む,,B1
淑やか,,B2
淡水,,B1
深い,,A2
深まる,,B1
深める,,B1
深刻,,B1
深夜,,B1
混ざる,,B1
混じる,,B1
混ぜる,,B1
混乱,,B1
混合,,B1
混同,,B2
混血,,B2
混雑,,B1
添う,,B1
添える,,B2
清い,,B1
清ます,,B2
清む,,B1
清らか,,B2
清掃,,B1
清書,,B1
清潔,,B1
清濁,,B2
清純,,B2
渇く,,B1
済ます,,B2
済ませる,,B1
済む,,A2
渋滞,,B1
渚,,B2
減らす,,B1
減る,,B1
減少,,B1
渡す,,A1
渡り鳥,,B2
渡る,,A1
渦,,B1
温い,,A1
温かい,,B1
温まる,,B1
温める,,B1
温和,,B2
温室,,B1
温帯,,B1
温度,,B1
温暖,,B1
温泉,,B1
測る,,B1
測定,,B1
測量,,B1
港,,A2
湖,,A2
湧く,,B1
湯,,A2
湯気,,B1
湯飲み,,B1
湾,,B1
湿る,,B1
湿度,,B1
湿気,,B1
湿気る,,B2
満たす,,B2
満ちる,,B1
満員,,B1
満場,,B2
満月,,B2
満点,,B1
満足,,B1
源,,B2
準じる,,B2
準備,,A2
準急,,B2
溜まり,,B2
溜まる,,B1
溜める,,B1
溜息,,B1
溝,,B2
溶かす,,B1
溶く,,B1
溶ける,,B1
溶け込む,,B1
溶岩,,B1
溶液,,B2
溺れる,,B1
滅びる,,B2
滅ぼす,,B2
滅亡,,B2
滅多に,,B1
滑らか,,B2
滑る,,A2
滑稽,,B2
滝,,B1
滞る,,B2
滞在,,B1
滞納,,B2
滲む,,B2
漁師,,B1
漁村,,B2
漁業,,B1
漁船,,B2
漂う,,B2
漏らす,,B2
漏る,,B2
漏れる,,B2
演じる,,B2
演ずる,,B2
演出,,B2
演劇,,B1
演奏,,B1
演技,,B1
演説,,B1
漠然,,B2
漢和,,B1
漢字,,A1
漢語,,B2
漫画,,A2
漬ける,,A2
漸く,,B1
潜る,,B1
潜入,,B2
潜水,,B2
潤う,,B2
潮,,B2
潰す,,B1
潰れる,,B1
澄ます,,B2
澄む,,B1
激しい,,B1
激励,,B2
激増,,B1
濁る,,B1
濃い,,B1
濃度,,B1
濠,,B1
濡らす,,B1
濡れる,,A2
濫用,,B2
濯ぐ,,B2
瀬戸物,,B1
灌漑,,B2
火,,A2
火事,,A2
火傷,,B1
火口,,B1
火山,,B1
火星,,B2
火曜日,,A1
火災,,B1
火花,,B2
灯,,B1
灯台,,B1
灯油,,B1
灰,,B1
灰皿,,A1
灰色,,B1
災害,,B2
災難,,B1
炊く,,B1
炊事,,B1
炎,,B1
炒める,,B1
炒る,,B1
炭素,,B2
炭鉱,,B1
点,,A2
点々,,B1
点く,,A2
点数,,B1
点検,,B2
点線,,B2
為,,A2
為す,,B1
為る,,B1
為替,,B1
焚く,,B1
焚火,,B2
無,,B1
無くす,,A1
無くなる,,A2
無し,,B1
無事,,B1
無効,,B2
無口,,B2
無地,,B1
無念,,B2
無意味,,B2
無数,,B1
無料,,B1
無断,,B2
無沙汰,,B1
無理,,A2
無用,,B2
無知,,B2
無礼,,B2
無線,,B2
無能,,B2
無茶,,B2
無茶苦茶,,B2
無視,,B1
無言,,B2
無論,,B2
無邪気,,B2
無闇に,,B2
無限,,B1
無難,,B2
無駄,,B1
無駄遣い,,B2
焦がす,,B1
焦げる,,B1
焦げ茶,,B2
焦る,,B2
焦点,,B1
焼く,,A2
焼ける,,A2
煉瓦,,B1
煌々と,,B2
煎る,,B1
煙,,B1
煙い,,B1
煙たい,,B2
煙る,,B2
煙突,,B1
照らす,,B1
照り返す,,B2
照る,,B1
照合,,B2
照明,,B1
煩わしい,,B2
煮える,,B1
煮る,,B1
熟語,,B1
熱,,A2
熱い,,A1
熱する,,B1
熱中,,B1
熱帯,,B1
熱心,,A2
熱意,,B2
熱湯,,B2
熱量,,B2
燃える,,B1
燃やす,,B1
燃料,,B2
燃焼,,B2
爆弾,,B2
爆発,,B1
爆破,,B2
爪,,B1
父,,A1
父母,,B1
父親,,B1
片付く,,B1
片付け,,B1
片付ける,,A2
片仮名,,A1
片寄る,,B1
片言,,B2
片道,,B1
片～,,B2
版,,B1
版画,,B2
牛,,B1
牛乳,,A1
牛肉,,A1
牧場,,B1
牧師,,B2
牧畜,,B1
物,,A1
物事,,B1
物体,,B2
物価,,B1
物凄い,,B1
物好き,,B2
物差し,,B1
物理,,B1
物置,,B1
物語,,B1
物語る,,B1
物議,,B2
物資,,B2
物質,,B1
物足りない,,B2
物音,,B1
物騒,,B1
特に,,A2
特別,,A2
特売,,B1
特定,,B1
特徴,,B1
特急,,A2
特技,,B2
特有,,B2
特権,,B2
特殊,,B1
特派,,B2
特産,,B2
特色,,B1
特許,,B2
特長,,B1
特集,,B2
犠牲,,B2
犬,,A1
犯す,,B2
犯人,,B1
犯罪,,B1
状態,,B1
状況,,B1
狂う,,B1
狙い,,B1
狙う,,B1
狡い,,B1
狩り,,B1
独り,,B1
独り言,,B1
独創,,B2
独占,,B2
独特,,B1
独立,,B1
独自,,B2
独裁,,B2
独身,,B1
狭い,,A1
猛烈,,B2
猫,,A1
献立,,B1
猿,,B1
獣,,B2
獲得,,B2
獲物,,B2
玄人,,B2
玄関,,A1
率,,B1
率いる,,B2
玉,,B1
王,,B1
王女,,B1
王子,,B1
王様,,B1
玩具,,B2
珍しい,,A2
班,,B1
現す,,B1
現に,,B1
現れ,,B1
現れる,,B1
現代,,B1
現像,,B2
現在,,B1
現地,,B2
現場,,B1
現実,,B1
現状,,B1
現行,,B2
現象,,B1
現金,,B1
現～,,B1
球,,B1
球根,,B2
理屈,,B2
理性,,B2
理想,,B1
理由,,A2
理科,,B1
理解,,B1
理論,,B2
琴,,B1
環境,,B1
瓦,,B1
瓶,,B1
瓶詰,,B1
甘い,,A1
甘える,,B2
甘やかす,,B1
甘口,,B2
甚だ,,B2
甚だしい,,B1
生,,B1
生える,,B1
生かす,,B2
生きる,,A2
生き物,,B1
生き生き,,B1
生き甲斐,,B2
生け花,,B1
生じる,,B1
生ずる,,B1
生まれ,,B1
生まれつき,,B2
生まれる,,A1
生やす,,B1
生る,,B1
生命,,B1
生地,,B1
生存,,B1
生年月日,,B1
生徒,,A1
生意気,,B1
生死,,B2
生活,,A2
生涯,,B1
生温い,,B2
生物,,B1
生理,,B1
生産,,A2
生真面目,,B2
生育,,B2
生臭い,,B2
生計,,B2
生身,,B2
生長,,B1
産む,,B1
産休,,B2
産出,,B2
産地,,B1
産婦人科,,B2
産後,,B2
産業,,A2
産物,,B2
用,,A2
用いる,,B1
用事,,A2
用件,,B2
用品,,B2
用心,,B1
用意,,A2
用法,,B2
用紙,,B2
用語,,B1
用途,,B1
田,,B1
田ぼ,,B1
田園,,B2
田植え,,B1
田舎,,A2
甲,,B2
申し上げる,,A2
申し入れる,,B2
申し出る,,B2
申し分,,B2
申し訳,,B1
申し訳ない,,B1
申し込む,,B1
申す,,A2
申出,,B2
申告,,B1
申請,,B1
申込,,B2
男,,A1
男の人,,B1
男の子,,A1
男子,,B1
男性,,A2
町,,A1
画家,,B1
畑,,B1
留まる,,B1
留める,,B1
留学,,B1
留学生,,A1
留守,,A2
留守番,,B1
畜生,,B2
畜産,,B2
略す,,B1
略奪,,B2
略語,,B2
番号,,A1
番地,,B1
番組,,A2
異,,B1
異なる,,B1
異動,,B1
異常,,B1
異性,,B2
異見,,B2
異論,,B2
異議,,B2
畳,,A2
畳む,,B1
疑う,,B1
疑問,,B1
疑惑,,B2
疲れ,,B1
疲れる,,A1
疲労,,B2
病む,,B2
病気,,A1
病院,,A1
症状,,B1
痛い,,A1
痛み,,B1
痛切,,B2
痛感,,B2
痩せる,,A2
癌,,B1
癖,,B1
発,,B1
発作,,B2
発売,,B1
発射,,B1
発展,,B1
発想,,B1
発掘,,B2
発揮,,B1
発明,,B1
発生,,B2
発病,,B2
発育,,B2
発芽,,B2
発行,,B1
発表,,B1
発見,,B1
発言,,B2
発足,,B2
発車,,B1
発達,,B1
発電,,B1
発音,,A2
登る,,A1
登場,,B1
登山,,B1
登校,,B2
登録,,B2
白,,A1
白い,,A1
白状,,B2
白髪,,B1
百,,A1
的確,,B1
皆,,A2
皆さん,,A1
皇居,,B2
皮,,B1
皮肉,,B1
皮膚,,B1
皿,,B1
盆,,B1
盆地,,B1
盗む,,A2
盗難,,B1
盛り,,B1
盛り上がる,,B2
盛る,,B1
盛ん,,A2
盛大,,B2
盛装,,B2
監督,,B1
監視,,B2
目,,A1
目上,,B1
目下,,B1
目付き,,B2
目印,,B1
目安,,B1
目指す,,B1
目方,,B2
目標,,B1
目次,,B1
目的,,B1
目盛,,B2
目立つ,,B1
目覚し,,B1
目覚しい,,B2
目覚める,,B2
目論見,,B2
目途,,B2
目録,,B2
盲点,,B2
直,,B1
直す,,A2
直ちに,,B1
直に,,B1
直る,,A2
直前,,B1
直径,,B1
直後,,B1
直感,,B2
直接,,B1
直流,,B1
直線,,B1
直角,,B1
直通,,B1
直面,,B2
相,,B1
相互,,B1
相場,,B2
相変わらず,,B1
相対,,B2
相当,,B1
相応,,B2
相手,,B1
相撲,,B1
相続,,B1
相談,,A2
相違,,B1
盾,,B1
省く,,B1
省みる,,B2
省略,,B1
省～,,B1
眉,,B2
看板,,B1
看病,,B1
看護,,B2
看護婦,,A2
県,,B1
県庁,,B1
真っ二つ,,B2
真っ先,,B1
真っ暗,,B1
真っ白,,B1
真っ赤,,B1
真っ青,,B1
真っ黒,,B1
真ん丸い,,B2
真ん円い,,B2
真ん前,,B2
真上,,B2
真下,,B2
真中,,A2
真似,,B1
真似る,,B1
真剣,,B1
真実,,B2
真心,,B2
真珠,,B2
真理,,B1
真相,,B2
真空,,B1
真面目,,A2
眠い,,A2
眠たい,,B2
眠る,,A2
眺め,,B1
眺める,,B1
眼球,,B2
眼科,,B2
眼鏡,,A1
着々,,B1
着く,,A1
着ける,,B1
着せる,,B1
着る,,A1
着工,,B2
着席,,B2
着手,,B2
着替え,,B1
着替える,,B1
着物,,A2
着目,,B2
着色,,B2
着陸,,B2
着飾る,,B2
睡眠,,B1
睨む,,B1
瞬き,,B2
瞬間,,B1
瞳,,B1
矛盾,,B1
矢,,B2
矢印,,B1
知らせ,,B1
知らせる,,A2
知る,,A1
知事,,B1
知人,,B1
知合い,,B1
知性,,B2
知恵,,B1
知的,,B2
知能,,B1
知識,,B1
短い,,A1
短大,,B2
短所,,B1
短期,,B1
短歌,,B2
短気,,B2
短波,,B2
短編,,B1
短縮,,B2
短～,,B1
石,,A2
石油,,B1
石炭,,B1
石鹸,,A1
砂,,A2
砂利,,B2
砂漠,,B1
砂糖,,A1
研ぐ,,B2
研修,,B1
研究,,A2
研究室,,A2
砕く,,B1
砕ける,,B1
破く,,B1
破る,,B1
破れる,,B1
破壊,,B2
破損,,B2
破棄,,B2
破片,,B1
破産,,B1
破裂,,B2
硬い,,B1
硬貨,,B1
碁,,B1
碁盤,,B2
碑,,B1
碗,,B1
確か,,A2
確かめる,,B1
確保,,B2
確信,,B2
確定,,B2
確実,,B1
確率,,B1
確立,,B2
確認,,B1
磁器,,B1
磁気,,B1
磁石,,B1
磨く,,A1
示す,,B1
礼,,B1
礼儀,,B1
社交,,B2
社会,,A2
社会科学,,B1
社宅,,B2
社説,,B1
社長,,A2
祈り,,B2
祈る,,A2
祖先,,B1
祖母,,A2
祖父,,A2
祝い,,B1
祝う,,B1
祝日,,B1
祝賀,,B2
神,,B1
神様,,B1
神殿,,B2
神社,,A2
神秘,,B2
神経,,B1
神聖,,B2
神話,,B1
票,,B1
祭,,B1
祭る,,B1
祭日,,B1
禁じる,,B2
禁止,,B1
禁煙,,B1
禁物,,B2
禅,,B1
福,,B1
福祉,,B2
私,,A1
私有,,B2
私物,,B2
私用,,B1
私立,,B1
私鉄,,B1
秋,,A1
科学,,A2
科目,,B1
秒,,B1
秘密,,B1
秘書,,B2
秤,,B1
秩序,,B2
称する,,B2
移る,,A2
移住,,B2
移動,,B1
移民,,B2
移行,,B2
移転,,B1
稀,,B1
程,,A2
程度,,B1
税,,B1
税務署,,B2
税金,,B1
税関,,B1
種,,B1
種々,,B2
種類,,B1
稲,,B1
稲光,,B2
稼ぐ,,B1
稽古,,B1
穀物,,B1
穂,,B2
積む,,B1
積もる,,B1
積極的,,B1
穏やか,,B1
穴,,B1
究極,,B2
空,,A1
空き,,B1
空く,,A2
空しい,,B2
空っぽ,,B1
空ろ,,B2
空中,,B1
空想,,B1
空気,,A2
空港,,A2
空腹,,B2
空間,,B2
空～,,B1
突き当たり,,B1
突き当たる,,B1
突く,,B1
突っ張る,,B2
突っ突く,,B2
突っ込む,,B1
突如,,B2
突然,,B1
突破,,B2
窒息,,B2
窓,,A1
窓口,,B1
窮乏,,B2
窮屈,,B2
立ち上がる,,B1
立ち去る,,B2
立ち寄る,,B2
立ち止まる,,B1
立つ,,A1
立てる,,A2
立て替える,,B2
立体,,B2
立場,,B1
立方,,B2
立法,,B2
章,,B1
童話,,B1
童謡,,B1
端,,B1
競争,,A2
競技,,B1
競馬,,B1
竹,,B1
竿,,B2
笑い,,B1
笑う,,A2
笑顔,,B1
笛,,B1
符号,,B1
第～,,B1
筆,,B1
筆者,,B1
筆記,,B1
等しい,,B1
等分,,B1
等級,,B2
筋,,B1
筋肉,,B1
筒,,B2
答,,A2
答える,,A1
答案,,B1
策,,B1
箇所,,B1
箇条書,,B2
箒,,B1
算数,,B1
算盤,,B1
管,,B1
管理,,B1
箱,,A1
箸,,A1
節,,B1
節約,,B1
範囲,,B1
築く,,B1
簡単,,A2
簡易,,B2
簡潔,,B2
簡素,,B2
籠,,B1
籠もる,,B2
米,,A2
粉,,B1
粉々,,B2
粉末,,B2
粋,,B1
粒,,B1
粗,,B1
粗い,,B1
粗末,,B1
粗筋,,B1
粘り,,B2
粘る,,B2
粥,,B2
精々,,B1
精密,,B2
精巧,,B1
精神,,B1
精算,,B1
糊,,B1
糸,,A2
系統,,B1
約,,B1
約束,,A2
紅茶,,A1
紅葉,,B1
納まる,,B2
納める,,B1
納入,,B2
納得,,B1
紐,,B1
純情,,B1
純粋,,B1
紙,,A1
紙屑,,B1
紙幣,,B1
級,,B1
紛らわしい,,B2
紛れる,,B2
紛争,,B2
紛失,,B2
素,,B1
素っ気無い,,B2
素人,,B1
素早い,,B2
素晴らしい,,A2
素朴,,B2
素材,,B2
素直,,B1
素質,,B1
紡績,,B2
索引,,B1
紫,,B1
細い,,A1
細かい,,A2
細やか,,B2
細工,,B2
細胞,,B2
細菌,,B2
紳士,,B2
紹介,,A2
紺,,B1
終える,,B1
終る,,A1
終わり,,A2
終了,,B1
終始,,B2
終日,,B2
終点,,B1
組,,B1
組み合わせる,,B2
組み立てる,,B1
組み込む,,B2
組む,,B1
組合,,B1
組合せ,,B1
組織,,B1
経つ,,B1
経る,,B1
経営,,B1
経度,,B1
経歴,,B2
経済,,A2
経由,,B1
経緯,,B1
経費,,B2
経路,,B2
経過,,B2
経験,,A2
結び,,B2
結び付き,,B2
結び付く,,B2
結び付ける,,B2
結ぶ,,B1
結合,,B2
結婚,,A1
結局,,B1
結成,,B2
結晶,,B2
結束,,B2
結果,,B1
結核,,B2
結構,,A1
結論,,B1
絞る,,B1
絡む,,B2
給う,,B2
給与,,B1
給仕,,B2
給料,,B1
給食,,B2
統一,,B1
統制,,B2
統合,,B2
統治,,B2
統率,,B2
統計,,B1
絵,,A1
絵の具,,B1
絵画,,B1
絶えず,,B1
絶える,,B2
絶対,,B1
絶滅,,B1
絶版,,B2
絹,,A2
継ぐ,,B1
継目,,B2
継続,,B1
続々,,B1
続き,,B1
続く,,A2
続ける,,A2
維持,,B1
綱,,B1
網,,B2
綴じる,,B1
綺麗,,A1
綻びる,,B2
綿,,B1
緊張,,B1
緊急,,B2
総会,,B2
総合,,B2
総理大臣,,B1
総～,,B1
緑,,A1
線,,A2
線路,,B1
締める,,A1
締め切る,,B1
締切,,B1
編み物,,B1
編む,,B1
編集,,B1
緩い,,B1
緩む,,B2
緩める,,B2
緩やか,,B2
緩和,,B2
緯度,,B1
練る,,B2
練習,,A1
縁,,B1
縁側,,B2
縁談,,B2
縄,,B1
縛る,,B1
縞,,B1
縫う,,B1
縮まる,,B2
縮む,,B1
縮める,,B1
縮れる,,B1
縮小,,B1
繁栄,,B2
繁殖,,B2
繁盛,,B2
繊維,,B2
繋がり,,B1
繋がる,,B1
繋ぐ,,B1
繋げる,,B1
織る,,B1
織物,,B2
繕う,,B2
繰り返す,,B1
纏まり,,B2
纏め,,B2
缶,,B1
缶詰,,B1
罪,,B1
置く,,A1
罰,,B2
罰する,,B1
署名,,B1
罵る,,B2
罹る,,B1
羊毛,,B1
美,,B2
美しい,,A2
美人,,B1
美味しい,,A1
美容,,B1
美術,,B2
美術館,,A2
群,,B1
群がる,,B2
群れ,,B1
群衆,,B2
群集,,B2
羨ましい,,B1
羨む,,B1
義務,,B1
義理,,B2
羽,,B1
羽根,,B1
翌～,,B1
習う,,A1
習字,,B1
習慣,,A2
翻訳,,A2
翼,,B1
老い,,B1
老いる,,B2
老ける,,B2
老人,,B1
老衰,,B2
考え,,B1
考える,,A2
考古学,,B2
考慮,,B1
者,,B1
耐える,,B2
耕す,,B1
耕作,,B2
耕地,,B1
耳,,A1
耳鼻科,,B2
耽る,,B2
聖書,,B2
聞き取り,,B2
聞く,,A1
聞こえる,,A2
聳える,,B2
聴覚,,B2
聴診器,,B2
聴講,,B2
職,,B1
職人,,B1
職務,,B2
職員,,B2
職場,,B1
職業,,B1
肉,,A1
肉体,,B2
肉親,,B2
肌,,B1
肌着,,B1
肘,,B1
肝心,,B2
肝腎,,B2
股,,B1
肩,,B1
肯定,,B1
育ち,,B2
育つ,,B1
育てる,,A2
育児,,B1
育成,,B2
肺,,B1
胃,,B1
背,,A1
背く,,B2
背中,,A2
背広,,A1
背後,,B2
背景,,B2
背負う,,B1
胡椒,,B1
胴,,B2
胸,,B1
能,,B1
能力,,B1
能率,,B1
脂,,B1
脂肪,,B1
脅かす,,B1
脅す,,B2
脅迫,,B2
脆い,,B2
脇,,B1
脈,,B2
脚本,,B2
脚色,,B2
脱ぐ,,A1
脱する,,B2
脱出,,B2
脱線,,B1
脱退,,B2
脳,,B1
腐る,,B1
腐敗,,B2
腕,,A2
腕前,,B2
腫れる,,B2
腰,,B1
腰掛け,,B1
腰掛ける,,B1
腸,,B2
腹,,B1
腹立ち,,B2
腿,,B2
膜,,B1
膝,,B1
膨らます,,B1
膨らむ,,B1
膨れる,,B2
膨大,,B1
膨張,,B2
膳,,B1
臆病,,B2
臨む,,B1
臨時,,B1
自ずから,,B2
自ら,,B1
自主,,B2
自分,,A1
自動,,B1
自動車,,A1
自在,,B2
自宅,,B1
自尊心,,B2
自己,,B1
自慢,,B1
自我,,B2
自殺,,B1
自治,,B1
自然,,B1
自然科学,,B1
自由,,A2
自立,,B2
自習,,B1
自衛,,B1
自覚,,B2
自身,,B1
自転,,B2
自転車,,A1
自首,,B2
臭い,,B1
至る,,B1
至急,,B1
致す,,A2
興じる,,B2
興味,,A2
興奮,,B1
興業,,B2
舌,,B1
舗装,,B2
舞う,,B2
舞台,,B1
舟,,A2
航海,,B1
航空,,B1
船便,,B1
船舶,,B2
良い,,B1
良し,,B2
良好,,B2
良心,,B2
良識,,B2
良質,,B2
色,,A1
色々,,A1
色彩,,B2
艶,,B1
芝,,B2
芝居,,B1
芝生,,B1
芯,,B1
花,,A1
花びら,,B2
花壇,,B2
花嫁,,B1
花火,,B1
花瓶,,A1
花粉,,B2
花見,,A2
芸,,B2
芸能,,B1
芸術,,B1
芽,,B1
苗,,B2
若々しい,,B1
若い,,A1
若干,,B2
苦,,B1
苦い,,A2
苦しい,,B1
苦しむ,,B1
苦労,,B1
苦心,,B1
苦情,,B1
苦手,,B1
苦痛,,B1
英和,,B1
英字,,B2
英文,,B1
英語,,A1
英雄,,B2
茂る,,B1
茎,,B2
茶,,B1
茶の湯,,B2
茶の間,,B2
茶碗,,A1
茶色,,A1
茶色い,,B1
茹でる,,B1
草,,A2
草履,,B1
荒い,,B1
荒っぽい,,B2
荒らす,,B2
荒れる,,B1
荒廃,,B1
荷,,B2
荷物,,A1
荷造り,,B2
莫大,,B1
菌,,B1
菓子,,B1
華々しい,,B2
華やか,,B2
華奢,,B2
萎びる,,B2
落し物,,B1
落す,,A2
落ち着き,,B2
落ち込む,,B2
落る,,A2
落下,,B2
落着く,,B1
落第,,B1
落葉,,B2
葉,,A2
葉書,,A1
著しい,,B2
著す,,B1
著名,,B2
著書,,B2
著者,,B1
葬る,,B2
葬式,,B1
蒔く,,B1
蒸し暑い,,B1
蒸す,,B1
蒸気,,B1
蒸溜,,B2
蒸発,,B1
蓄える,,B1
蓄積,,B2
蓋,,B1
蔵,,B2
蔵相,,B2
蕎麦,,B1
蕾,,B2
薄い,,A1
薄める,,B1
薄弱,,B2
薄暗い,,B1
薬,,A1
薬品,,B1
薬局,,B1
薬指,,B1
藁,,B2
蘇る,,B1
虎,,B1
虫,,A2
虫歯,,B1
虹,,B1
蚊,,B1
蛇口,,B1
蛋白質,,B2
蛍光灯,,B1
蜂蜜,,B2
蝶,,B2
融資,,B2
融通,,B2
血,,A2
血圧,,B1
血液,,B1
血管,,B1
衆,,B1
衆議院,,B2
行い,,B2
行う,,A2
行き,,B1
行き違い,,B2
行く,,A1
行っていらっしゃい,,B1
行ってらっしゃい,,B1
行事,,B1
行儀,,B1
行列,,B1
行動,,B1
行政,,B2
行方,,B1
行為,,B2
行進,,B2
街,,B1
街角,,B1
街道,,B2
街頭,,B2
衛星,,B1
衝撃,,B2
衝突,,B1
衣料,,B1
衣服,,B1
衣装,,B2
衣類,,B2
衣食住,,B1
表,,A2
表す,,B1
表情,,B1
表現,,B1
表紙,,B1
表面,,B1
衰える,,B2
袋,,B1
袖,,B1
被せる,,B1
被る,,B1
被害,,B1
裁く,,B1
裁判,,B1
裁縫,,B1
裂く,,B1
裂ける,,B1
装備,,B2
装置,,B1
装飾,,B2
裏,,A2
裏切る,,B1
裏口,,B1
裏返し,,B2
裏返す,,B1
補う,,B1
補償,,B1
補充,,B2
補助,,B2
補強,,B2
補給,,B2
補足,,B2
裸,,B1
裸足,,B2
製作,,B1
製品,,B1
製法,,B2
製造,,B1
製鉄,,B2
裾,,B2
複写,,B1
複合,,B2
複数,,B1
複雑,,A2
褒める,,A2
褒美,,B2
襖,,B1
襟,,B2
襲う,,B2
襲撃,,B2
西,,A1
西日,,B2
西暦,,B1
西洋,,A2
要する,,B2
要するに,,B1
要る,,A1
要因,,B2
要旨,,B1
要望,,B2
要求,,B1
要点,,B1
要素,,B1
要請,,B2
要領,,B1
覆う,,B1
覆す,,B2
覆面,,B2
見える,,A2
見せびらかす,,B2
見せる,,A1
見せ物,,B2
見つかる,,A2
見つける,,A2
見なす,,B2
見る,,A1
見上げる,,B1
見下ろす,,B1
見事,,B1
見出し,,B1
見合い,,B2
見合わせる,,B2
見地,,B2
見学,,B1
見当,,B1
見慣れる,,B1
見掛け,,B1
見掛ける,,B1
見晴らし,,B2
見本,,B1
見渡す,,B2
見物,,A2
見直す,,B1
見積もり,,B2
見習う,,B2
見舞い,,B1
見舞う,,B1
見苦しい,,B2
見落とす,,B2
見解,,B1
見計らう,,B2
見詰める,,B1
見込み,,B2
見送り,,B1
見送る,,B1
見逃す,,B2
見通し,,B2
規制,,B1
規則,,A2
規定,,B2
規律,,B1
規格,,B2
規模,,B2
規準,,B1
規範,,B2
規約,,B2
視察,,B2
視点,,B1
視覚,,B1
視野,,B2
覗く,,B1
覚え,,B2
覚える,,A1
覚ます,,B1
覚める,,B1
覚悟,,B1
親,,A2
親しい,,B1
親しむ,,B2
親切,,A2
親友,,B1
親善,,B2
親戚,,B1
親指,,B1
親父,,B2
親類,,B1
観光,,B1
観客,,B1
観察,,B1
観念,,B1
観測,,B1
観点,,B2
観衆,,B2
観覧,,B2
角,,A1
角度,,B1
解く,,B1
解ける,,B1
解剖,,B2
解放,,B1
解散,,B1
解決,,B1
解答,,B1
解説,,B1
解釈,,B1
解除,,B2
触る,,A2
触れる,,B1
言い付ける,,B1
言い出す,,B1
言い訳,,B2
言う,,A1
言わば,,B1
言付け,,B2
言付ける,,B1
言葉,,A1
言葉遣い,,B1
言語,,B1
言論,,B2
訂正,,B2
計,,B1
計る,,B1
計器,,B1
計画,,A2
計算,,B1
討つ,,B1
討論,,B2
討議,,B2
訓,,B1
訓練,,B1
記す,,B2
記事,,B1
記入,,B1
記号,,B1
記名,,B2
記念,,B1
記憶,,B1
記者,,B1
記載,,B2
記述,,B2
記録,,B1
訪ねる,,A2
訪れる,,B2
訪問,,B1
設ける,,B2
設備,,B1
設定,,B2
設立,,B2
設置,,B2
設計,,B1
許す,,B1
許可,,B1
許容,,B2
訳,,A2
訳す,,B1
訴え,,B2
訴える,,B1
訴訟,,B2
診る,,B1
診察,,B1
診断,,B1
診療,,B2
証拠,,B2
証明,,B1
証言,,B2
詐欺,,B2
評価,,B1
評判,,B1
評論,,B1
試し,,B1
試す,,B1
試み,,B2
試みる,,B2
試合,,A2
試験,,A2
詩,,B1
詩人,,B1
詫び,,B2
詫びる,,B1
詰まる,,B1
詰める,,B1
詰る,,B2
話,,A1
話し合う,,B1
話し掛ける,,B1
話す,,A1
話中,,B1
話合い,,B1
話題,,B1
該当,,B2
詳しい,,B1
詳細,,B2
誇り,,B1
誇る,,B2
誇張,,B2
認める,,B1
認識,,B2
誓う,,B1
誕生,,B1
誕生日,,A1
誘う,,B1
誘導,,B2
誘惑,,B2
語る,,B1
語句,,B1
語学,,B1
語彙,,B2
語源,,B2
誠,,B2
誠に,,B2
誠実,,B2
誤り,,B1
誤る,,B2
誤差,,B2
誤解,,B1
説,,B1
説く,,B1
説得,,B2
説明,,A2
読み,,B1
読み上げる,,B2
読む,,A1
読書,,B1
誰,,A1
誰か,,A1
課,,B1
課外,,B2
課程,,B1
課税,,B1
課長,,A2
課題,,B1
調べ,,B2
調べる,,A2
調停,,B2
調印,,B2
調味料,,B1
調和,,B2
調子,,B1
調整,,B1
調査,,B1
調理,,B2
調節,,B1
請求,,B1
論じる,,B1
論ずる,,B1
論争,,B1
論文,,B1
論理,,B2
論議,,B2
諦め,,B2
諦める,,B1
諮る,,B1
諸君,,B2
諸～,,B1
諺,,B1
謎,,B1
謎謎,,B1
謙虚,,B1
謙遜,,B1
講堂,,A2
講師,,B1
講演,,B1
講義,,A2
講習,,B2
講読,,B2
謝る,,A2
謝絶,,B2
謹む,,B2
警備,,B1
警告,,B1
警官,,A1
警察,,A2
警戒,,B2
警部,,B2
議事堂,,B2
議会,,B1
議員,,B1
議案,,B2
議決,,B2
議論,,B1
議長,,B1
議題,,B2
譲る,,B1
譲歩,,B2
護衛,,B2
谷,,B1
豆,,B1
豊か,,B1
豊作,,B2
豊富,,B1
豚肉,,A1
象,,B1
象徴,,B2
豪華,,B1
貝,,B1
貝殻,,B2
負う,,B1
負かす,,B2
負け,,B1
負ける,,A2
負債,,B2
負傷,,B2
負担,,B2
財,,B2
財布,,A1
財政,,B2
財源,,B2
財産,,B1
貢献,,B1
貧しい,,B1
貧乏,,B2
貧困,,B2
貧弱,,B2
貨幣,,B2
貨物,,B1
販売,,B1
貫く,,B2
貫禄,,B2
責める,,B1
責任,,B1
責務,,B2
貯蓄,,B2
貯蔵,,B1
貯金,,B1
貴い,,B2
貴族,,B2
貴重,,B1
買い物,,A1
買う,,A1
貸し,,B1
貸し出し,,B1
貸す,,A1
貸家,,B1
貸間,,B1
費やす,,B2
費用,,B1
貼る,,A1
貿易,,A2
賃金,,B2
賄う,,B2
資料,,B1
資本,,B1
資格,,B1
資源,,B1
資産,,B2
資金,,B2
賑わう,,B2
賛成,,B1
賛美,,B2
賜る,,B2
賞,,B1
賞品,,B1
賞金,,B1
賠償,,B2
賢い,,B1
賢明,,B2
質,,B1
質問,,A1
質疑,,B2
質素,,B2
賭,,B2
賭ける,,B1
購入,,B2
購読,,B2
購買,,B2
贅沢,,B1
贈り物,,A2
贈る,,B1
赤,,A1
赤い,,A1
赤ちゃん,,A2
赤らむ,,B2
赤ん坊,,A2
赤字,,B2
赤道,,B1
走る,,A1
走行,,B2
赴く,,B2
赴任,,B2
起きる,,A1
起こす,,A2
起こる,,B1
起伏,,B2
起床,,B1
起源,,B1
起点,,B2
超,,B2
超える,,B1
超す,,B1
超過,,B1
越える,,B1
越す,,B1
趣,,B2
趣味,,A2
趣旨,,B2
足; 脚,,A1
足し算,,B2
足す,,A2
足りる,,A2
足る,,B1
足元,,B1
足袋,,B1
足跡,,B1
跡,,B1
跡継ぎ,,B2
跳ねる,,B1
踊り,,A2
踊る,,A2
踏まえる,,B2
踏み込む,,B2
踏む,,A2
踏切,,B1
蹴る,,B1
蹴飛ばす,,B2
身,,B1
身なり,,B2
身の上,,B2
身の回り,,B2
身体,,B1
身分,,B1
身振り,,B2
身近,,B2
身長,,B1
躾,,B2
躾ける,,B2
車,,A1
車庫,,B1
車掌,,B1
車輪,,B1
軌道,,B2
軍,,B1
軍事,,B2
軍備,,B2
軍服,,B2
軍艦,,B2
軍隊,,B1
軒,,B1
軒並,,B2
軟らかい,,B1
転々,,B1
転がす,,B1
転がる,,B1
転じる,,B2
転ずる,,B2
転ぶ,,B1
転任,,B2
転勤,,B2
転回,,B2
転居,,B2
転換,,B2
転校,,B1
転落,,B2
軸,,B2
軽い,,A1
軽快,,B2
軽減,,B2
軽率,,B2
軽蔑,,B2
載せる,,B1
載る,,B1
輝く,,B1
輪,,B1
輸入,,A2
輸出,,A2
輸血,,B1
輸送,,B1
辛い,,A1
辛抱,,B2
辞める,,B1
辞典,,A2
辞書,,A1
辞職,,B2
辞退,,B1
辟易,,B2
農地,,B2
農場,,B2
農家,,B1
農村,,B1
農業,,B1
農民,,B1
農産物,,B1
農耕,,B2
農薬,,B1
辺,,A1
辺り,,B1
込む,,A2
込める,,B2
辿り着く,,B2
辿る,,B2
迅速,,B2
迎え,,B1
迎える,,A2
近々,,B1
近い,,A1
近く,,A1
近付ける,,B1
近代,,B1
近寄る,,B1
近所,,A2
近眼,,B2
近視,,B1
近郊,,B2
近頃,,B1
返す,,A1
返事,,A2
返済,,B2
返答,,B2
返還,,B2
迫る,,B1
迫害,,B2
述べる,,B1
述語,,B1
迷う,,B1
迷信,,B1
迷子,,B1
迷惑,,B1
追いかける,,B1
追い付く,,B1
追い出す,,B2
追い越す,,B1
追い込む,,B2
追う,,B1
追加,,B1
追及,,B2
追放,,B2
追跡,,B2
退く,,B1
退ける,,B1
退化,,B2
退学,,B1
退屈,,B1
退治,,B2
退職,,B2
退院,,A2
送り仮名,,B1
送る,,A2
送別,,B1
送料,,B1
送金,,B2
逃がす,,B1
逃げる,,A2
逃げ出す,,B2
逃す,,B2
逃れる,,B2
逃亡,,B2
逃走,,B2
逆,,B1
逆さ,,B1
逆らう,,B1
逆様,,B1
逆立ち,,B2
逆転,,B2
透き通る,,B1
透明,,B1
途上,,B2
途中,,A2
途端,,B1
途絶える,,B2
這う,,B1
通う,,A2
通じる,,B1
通す,,B1
通ずる,,B1
通り,,A2
通り掛かる,,B1
通り過ぎる,,B1
通る,,A2
通信,,B1
通勤,,B1
通学,,B1
通帳,,B1
通常,,B2
通用,,B1
通知,,B1
通行,,B1
通訳,,B1
通貨,,B1
通路,,B1
通過,,B1
速い,,A1
速力,,B1
速度,,B1
速達,,B1
造り,,B2
造船,,B1
連なる,,B2
連ねる,,B2
連れ,,B1
連れる,,A2
連中,,B2
連休,,B2
連合,,B1
連帯,,B2
連想,,B1
連日,,B2
連盟,,B2
連絡,,A2
連続,,B1
連邦,,B2
逮捕,,B1
週,,B1
進み,,B2
進む,,A2
進める,,B1
進出,,B2
進化,,B2
進呈,,B2
進学,,B1
進展,,B2
進度,,B2
進歩,,B1
進行,,B1
逸れる,,B1
遂げる,,B2
遂に,,B1
遅い,,A1
遅くとも,,B2
遅らす,,B2
遅れ,,B1
遅れる,,A2
遅刻,,B1
遊び,,A2
遊ぶ,,A1
遊園地,,B1
遊牧,,B2
運,,B1
運ぶ,,A2
運動,,A2
運命,,B2
運営,,B2
運搬,,B2
運河,,B1
運用,,B2
運賃,,B2
運転,,A2
運転手,,A2
運輸,,B2
運送,,B2
過ぎる,,A2
過ごす,,B1
過ち,,B2
過剰,,B1
過労,,B2
過半数,,B1
過去,,B1
過失,,B1
過密,,B2
過疎,,B2
過程,,B1
道,,A1
道具,,A2
道場,,B2
道徳,,B1
道路,,B1
道順,,B1
達する,,B1
達成,,B2
達者,,B2
違い,,B1
違いない,,B1
違う,,A1
違える,,B2
違反,,B1
遠い,,A1
遠く,,A2
遠ざかる,,B2
遠回り,,B2
遠慮,,A2
遠方,,B2
遠足,,B1
遡る,,B1
遥か,,B2
適する,,B1
適切,,B1
適宜,,B2
適度,,B1
適当,,A2
適応,,B2
適性,,B2
適用,,B1
適確,,B1
遭う,,B1
遭難,,B2
遮る,,B2
選ぶ,,A2
選手,,B1
選択,,B1
選挙,,B1
選考,,B1
遺跡,,B2
避ける,,B1
避難,,B2
還元,,B2
還暦,,B2
邪魔,,A2
邸宅,,B2
郊外,,A2
郡,,B1
部下,,B2
部分,,B1
部品,,B1
部屋,,A1
部長,,A2
部門,,B2
部首,,B1
郵便,,B1
郵便局,,A1
郵送,,B1
郷土,,B2
郷愁,,B2
郷里,,B2
都,,A2
都会,,B1
都合,,A2
都市,,B1
都心,,B1
酌む,,B1
配る,,B1
配偶者,,B2
配分,,B2
配列,,B2
配布,,B2
配慮,,B2
配給,,B2
配置,,B2
配達,,B1
酒,,B1
酒場,,B1
酔う,,B1
酔っ払い,,B1
酢,,B1
酪農,,B2
酸,,B2
酸化,,B1
酸性,,B1
酸素,,B1
醜い,,B1
醤油,,A1
重い,,A1
重たい,,B1
重なる,,B1
重ねる,,B1
重んじる,,B2
重んずる,,B2
重体,,B1
重力,,B1
重大,,B1
重宝,,B2
重役,,B1
重点,,B1
重複,,B2
重要,,B1
重視,,B1
重量,,B1
重～,,B1
野,,B1
野党,,B1
野外,,B2
野心,,B2
野生,,B2
野菜,,A1
量,,B1
量る,,B1
金,,B1
金属,,B1
金庫,,B1
金曜日,,A1
金槌,,B2
金融,,B1
金銭,,B1
金額,,B1
金魚,,B1
釘,,B1
釜,,B1
針,,B1
針路,,B1
針金,,B1
釣,,B1
釣り合う,,B1
釣り鐘,,B2
釣る,,A2
鈍い,,B1
鈍る,,B2
鈍感,,B2
鈴,,B1
鉄,,B1
鉄棒,,B2
鉄橋,,B1
鉄砲,,B1
鉄道,,B1
鉄鋼,,B2
鉛,,B2
鉛筆,,A1
鉢,,B1
鉱山,,B2
鉱業,,B2
鉱物,,B1
銀,,B1
銀行,,A1
銃,,B1
銅,,B1
銅貨,,B1
銘々,,B1
鋭い,,B1
錆,,B1
錆びる,,B1
錯誤,,B2
録音,,B1
鍋,,B1
鍛える,,B2
鍵,,A1
鎖,,B1
鏡,,A2
鐘,,B1
鑑賞,,B1
長々,,B2
長い,,A1
長女,,B1
長官,,B2
長引く,,B1
長所,,B1
長方形,,B1
長期,,B1
長男,,B1
長短,,B1
長編,,B2
長～,,B1
門,,A1
閉じる,,B1
閉まる,,A1
閉める,,A1
閉会,,B1
閉口,,B2
閉鎖,,B2
開く,,A1
開ける,,A1
開会,,B1
開催,,B2
開始,,B1
開拓,,B2
開放,,B1
開発,,B2
開通,,B1
間,,A2
間に合う,,A2
間も無く,,B1
間接,,B1
間柄,,B2
間違い,,B1
間違える,,A2
間隔,,B1
関する,,B1
関与,,B2
関係,,A2
関心,,B1
関東,,B1
関税,,B2
関西,,B1
関連,,B1
閲覧,,B2
闇,,B2
防ぐ,,B1
防止,,B1
防火,,B2
防犯,,B1
防衛,,B2
防～,,B1
阻む,,B2
阻止,,B2
附属,,B1
降りる,,A1
降る,,A1
降ろす,,B1
降伏,,B1
降水,,B2
限り,,B1
限る,,B1
限定,,B2
限度,,B1
限界,,B1
陣,,B2
除く,,B1
除外,,B2
陰,,B1
陰気,,B2
陳列,,B2
陶器,,B2
陸,,B1
険しい,,B1
陽射,,B1
陽気,,B1
隅,,A2
隊,,B1
階層,,B2
階段,,A1
階級,,B2
随分,,A2
随筆,,B1
隔たる,,B2
隔てる,,B1
隔週,,B2
隙,,B1
隙間,,B1
際,,B1
障る,,B2
障子,,B1
障害,,B1
隠す,,B1
隠れる,,B1
隠居,,B2
隣,,A1
雄,,B2
集まり,,B1
集まる,,A2
集める,,A2
集中,,B1
集会,,B1
集合,,B1
集団,,B1
集計,,B2
集金,,B1
雇う,,B1
雌,,B2
雑,,B2
雑巾,,B1
雑木,,B2
雑誌,,A1
雑談,,B2
雑貨,,B2
雑音,,B1
雛,,B2
雛祭,,B2
離す,,B1
離れる,,B1
離婚,,B1
難,,B1
難しい,,A1
雨,,A1
雨具,,B2
雨天,,B2
雨戸,,B1
雪,,A1
雪崩,,B2
雫,,B2
雰囲気,,B1
雲,,A2
零,,A1
零点,,B1
雷,,B1
電力,,B1
電報,,A2
電子,,B1
電柱,,B1
電気,,A1
電池,,B1
電波,,B1
電流,,B1
電源,,B2
電灯,,A2
電球,,B1
電話,,A1
電車,,A1
需要,,B1
震える,,B1
震わせる,,B2
霜,,B1
霞む,,B2
霧,,B1
霰,,B2
露,,B1
露骨,,B2
青,,A1
青い,,A1
青少年,,B1
青年,,B1
青春,,B2
青白い,,B1
静か,,A1
静まる,,B1
静止,,B2
静的,,B2
非常,,B1
非常に,,A2
非行,,B1
非難,,B2
非～,,B1
面,,B1
面する,,B2
面会,,B2
面倒,,B1
面倒臭い,,B1
面接,,B1
面白い,,A1
面目,,B2
面積,,B1
革,,B1
革命,,B2
革新,,B2
靴,,A1
靴下,,A1
鞠,,B2
音,,A2
音楽,,A1
音色,,B2
響き,,B1
響く,,B1
頂上,,B1
頂点,,B1
項目,,B1
順,,B1
順々,,B1
順序,,B1
順番,,B1
順調,,B1
預かる,,B1
預ける,,B1
預金,,B2
頑丈,,B2
頑固,,B2
頑張る,,A2
領事,,B1
領収,,B1
領土,,B2
領地,,B2
領域,,B2
領海,,B2
頬,,B1
頭,,A1
頭痛,,B1
頭脳,,B1
頻繁,,B2
頼む,,A1
頼もしい,,B1
頼る,,B1
題,,B1
題する,,B2
題名,,B1
額,,B1
顎,,B2
顔,,A1
顔付き,,B2
顕微鏡,,B1
願い,,B1
願う,,B1
願書,,B2
類,,B2
類似,,B2
類推,,B2
顧みる,,B2
風,,A1
風俗,,B2
風呂敷,,B1
風土,,B2
風景,,B1
風習,,B2
風船,,B1
風車,,B2
風邪,,A1
飛ばす,,B1
飛び出す,,B1
飛び込む,,B1
飛ぶ,,A1
飛行,,B1
飛行場,,A2
飛行機,,A1
食い違う,,B2
食う,,B1
食べる,,A1
食べ物,,A1
食事,,A2
食卓,,B1
食品,,B1
食器,,B1
食堂,,A1
食塩,,B1
食料,,B1
食料品,,A2
食欲,,B1
食物,,B1
食糧,,B1
飢える,,B1
飢饉,,B1
飯,,B1
飲み物,,A1
飲み込む,,B2
飲む,,A1
飴,,A1
飼う,,B1
飼育,,B2
飽きる,,B1
飽くまで,,B1
飽和,,B2
飾り,,B1
飾る,,A2
餅,,B1
養う,,B2
養分,,B1
養護,,B2
餌,,B1
首,,A2
首相,,B1
首脳,,B2
首輪,,B2
首都,,B1
首飾り,,B2
香り,,B1
香水,,B1
香辛料,,B2
馬,,B1
馬鹿,,B1
馴々しい,,B2
馴らす,,B1
馴れる,,B1
駄作,,B2
駅,,A1
駆けっこ,,B2
駆ける,,B1
駆け足,,B2
駐車,,B1
駐車場,,A2
騒々しい,,B1
騒がしい,,B1
騒ぎ,,B1
騒ぐ,,A2
騒動,,B2
騒音,,B1
騙す,,B1
驚かす,,B1
驚き,,B1
驚く,,A2
驚異,,B2
骨,,B1
骨折,,B1
骨董品,,B2
高い,,A1
高まる,,B1
高める,,B1
高価,,B1
高原,,B2
高尚,,B2
高層,,B1
高度,,B1
高校; 高等学校,,A2
高校生,,A2
高等,,B1
高等学校,,B1
高級,,B1
高速,,B1
高～,,B1
髪,,A2
髪の毛,,B1
鬼,,B1
魂,,B2
魅力,,B1
魚,,A1
鮮やか,,B2
鳥,,A1
鳥居,,B2
鳴く,,A1
鳴らす,,B1
鳴る,,A2
鶏肉,,A1
麓,,B1
麻,,B2
麻痺,,B2
麻酔,,B2
黄色,,A1
黄色い,,A1
黄金,,B2
黒,,A1
黒い,,A1
黒字,,B2
黒板,,B1
黙る,,B1
鼠,,B1
鼻,,A1
～(て) しまう,,A2
～(に) ついて,,A2
～(に) よると,,A2
～いち (にほんいち),,B1
～おき,,A2
～おしまい (おわり),,B1
～おわる,,A2
～か月,,A1
～がち,,B1
～がる,,A1
～きり,,B2
～きる,,B1
～くらい; ぐらい,,A1
～ころ; ～ごろ,,A1
～ございます,,A2
～さん,,A1
～すぎ,,A1
～ずつ,,A1
～たち,,A1
～だけ,,A1
～だす,,A2
～だらけ,,B1
～ちゃん,,A2
～ところ,,B1
～どころか,,B2
～など,,A1
～なんか,,B2
～にくい,,A2
～ばかり,,A2
～ほう (ひかく),,B1
～ぽい,,B1
～まま,,A2
～まみれ,,B2
～みたい,,B1
～もち,,B1
～やすい,,A2
～丁目,,B1
～下,,B1
～中,,A1
～人,,A1
～付,,B1
～代,,A2
～会,,A2
～位,,B1
～個,,A1
～側,,A1
～兆,,B1
～光,,B2
～内,,B1
～円,,A1
～冊,,A1
～分,,A1
～切れ,,B1
～刊,,B1
～前,,A1
～割,,B2
～力,,B1
～勝,,B1
～化,,B1
～匹,,A1
～区,,A2
～口,,B1
～台,,A1
～史,,B1
～号,,B1
～合せ,,B2
～名,,B1
～向け,,B1
～君,,A2
～味,,B2
～員,,A2
～商,,B1
～問,,B1
～営,,B2
～器,,B1
～回,,A1
～団,,B1
～国,,B1
～圏,,B1
～園,,B1
～場,,B1
～増し,,B2
～外,,B1
～夜,,B1
～女,,B1
～始める,,A2
～嬢,,B2
～学部,,A2
～宗,,B2
～宛,,B2
～室,,B1
～家,,A2
～寄り,,B2
～寺,,B1
～屋,,A1
～山,,B1
～島,,B1
～巻,,B1
～席,,B1
～帳,,B1
～年,,A1
～年生,,B1
～庁,,B1
～度,,A1
～弁,,B1
～式,,A2
～形,,B1
～心,,B2
～感,,B1
～戦,,B1
～所,,B1
～手,,B1
～振り,,B1
～掛け,,B2
～敗,,B1
～教,,B1
～料,,B1
～日,,A1
～時,,A1
～時間,,A1
～時間目,,B1
～月,,A1
～期,,B1
～本,,A1
～条,,B1
～杯,,A1
～枚,,A1
～校,,B1
～業,,B1
～様,,A2
～機,,B1
～歌,,B1
～歩,,B1
～歳,,A1
～毎,,B1
～気味,,B1
～油,,B2
～沿い,,B1
～泊,,B1
～派,,B2
～流,,B1
～済,,B1
～港,,B1
～滴,,B1
～点,,B1
～狂,,B2
～産,,B1
～町,,A2
～画,,B1
～界,,B2
～番,,A1
～番目,,B1
～畳,,B1
～病,,B1
～症,,B2
～発,,B1
～目,,A2
～省,,B1
～着,,B1
～社,,B1
～科,,B1
～等,,B1
～系,,B1
～紙,,B1
～続く,,B1
～続ける,,A2
～網,,B2
～署,,B2
～羽,,B1
～者,,B1
～船,,B1
～艘,,B1
～色,,B1
～著,,B2
～薬,,B2
～行,,B1
～街,,B2
～製,,A2
～観,,B1
～証,,B2
～語,,A1
～論,,B1
～費,,B1
～足,,B1
～車,,B1
～軒,,A2
～辛い,,B1
～通,,B1
～通り,,B1
～週間,,A1
～遍,,B1
～過ぎる,,B1
～道,,B1
～遣い,,B1
～部,,B1
～酒,,B1
～長,,B1
～間,,B1
～階,,A1
～集,,B1
～難い,,B1
～領,,B1
～頭,,B1
～風,,B1
～館,,B1
